,dates,GlobalClimate,NAClimate
0,2009-01-01,22,0
1,2009-01-02,23,0
2,2009-01-03,25,0
3,2009-01-04,25,0
4,2009-01-05,23,0
5,2009-01-06,23,0
6,2009-01-07,23,0
7,2009-01-08,27,0
8,2009-01-09,26,0
9,2009-01-10,25,0
10,2009-01-11,25,0
11,2009-01-12,25,0
12,2009-01-13,26,0
13,2009-01-14,27,0
14,2009-01-15,28,0
15,2009-01-16,27,0
16,2009-01-17,26,0
17,2009-01-18,28,0
18,2009-01-19,27,0
19,2009-01-20,28,0
20,2009-01-21,28,0
21,2009-01-22,28,0
22,2009-01-23,30,0
23,2009-01-24,31,0
24,2009-01-25,32,0
25,2009-01-26,30,1
26,2009-01-27,30,1
27,2009-01-28,28,1
28,2009-01-29,29,0
29,2009-01-30,29,0
30,2009-01-31,31,0
31,2009-02-01,33,0
32,2009-02-02,35,0
33,2009-02-03,34,0
34,2009-02-04,34,0
35,2009-02-05,34,0
36,2009-02-06,34,0
37,2009-02-07,34,0
38,2009-02-08,33,0
39,2009-02-09,33,0
40,2009-02-10,33,1
41,2009-02-11,33,1
42,2009-02-12,33,1
43,2009-02-13,31,1
44,2009-02-14,32,0
45,2009-02-15,32,0
46,2009-02-16,32,0
47,2009-02-17,30,0
48,2009-02-18,29,0
49,2009-02-19,29,0
50,2009-02-20,29,0
51,2009-02-21,28,0
52,2009-02-22,28,0
53,2009-02-23,28,0
54,2009-02-24,27,0
55,2009-02-25,27,0
56,2009-02-26,26,0
57,2009-02-27,27,0
58,2009-02-28,32,0
59,2009-03-01,31,0
60,2009-03-02,32,0
61,2009-03-03,30,0
62,2009-03-04,29,0
63,2009-03-05,29,0
64,2009-03-06,29,0
65,2009-03-07,28,0
66,2009-03-08,29,0
67,2009-03-09,29,0
68,2009-03-10,29,0
69,2009-03-11,29,0
70,2009-03-12,29,0
71,2009-03-13,29,0
72,2009-03-14,29,0
73,2009-03-15,29,0
74,2009-03-16,29,0
75,2009-03-17,30,0
76,2009-03-18,30,0
77,2009-03-19,30,0
78,2009-03-20,29,0
79,2009-03-21,29,0
80,2009-03-22,29,0
81,2009-03-23,30,0
82,2009-03-24,30,1
83,2009-03-25,31,1
84,2009-03-26,33,2
85,2009-03-27,33,2
86,2009-03-28,29,2
87,2009-03-29,29,1
88,2009-03-30,29,1
89,2009-03-31,30,1
90,2009-04-01,26,2
91,2009-04-02,26,2
92,2009-04-03,26,2
93,2009-04-04,27,2
94,2009-04-05,28,2
95,2009-04-06,27,3
96,2009-04-07,24,3
97,2009-04-08,24,3
98,2009-04-09,24,4
99,2009-04-10,24,2
100,2009-04-11,24,1
101,2009-04-12,26,1
102,2009-04-13,26,1
103,2009-04-14,28,1
104,2009-04-15,28,1
105,2009-04-16,26,2
106,2009-04-17,23,2
107,2009-04-18,23,2
108,2009-04-19,24,1
109,2009-04-20,25,1
110,2009-04-21,25,0
111,2009-04-22,26,0
112,2009-04-23,26,0
113,2009-04-24,26,0
114,2009-04-25,25,0
115,2009-04-26,25,0
116,2009-04-27,24,0
117,2009-04-28,24,0
118,2009-04-29,25,0
119,2009-04-30,29,0
120,2009-05-01,29,0
121,2009-05-02,29,0
122,2009-05-03,29,1
123,2009-05-04,29,1
124,2009-05-05,31,2
125,2009-05-06,29,2
126,2009-05-07,30,3
127,2009-05-08,30,3
128,2009-05-09,30,3
129,2009-05-10,31,2
130,2009-05-11,31,1
131,2009-05-12,30,0
132,2009-05-13,30,0
133,2009-05-14,30,0
134,2009-05-15,31,0
135,2009-05-16,30,0
136,2009-05-17,30,0
137,2009-05-18,33,0
138,2009-05-19,31,0
139,2009-05-20,31,0
140,2009-05-21,31,0
141,2009-05-22,29,0
142,2009-05-23,29,0
143,2009-05-24,29,0
144,2009-05-25,31,0
145,2009-05-26,31,0
146,2009-05-27,28,0
147,2009-05-28,30,0
148,2009-05-29,27,0
149,2009-05-30,27,0
150,2009-05-31,30,0
151,2009-06-01,29,0
152,2009-06-02,28,0
153,2009-06-03,29,0
154,2009-06-04,29,0
155,2009-06-05,30,0
156,2009-06-06,30,0
157,2009-06-07,31,0
158,2009-06-08,30,0
159,2009-06-09,29,0
160,2009-06-10,28,1
161,2009-06-11,29,1
162,2009-06-12,29,1
163,2009-06-13,28,1
164,2009-06-14,29,1
165,2009-06-15,29,1
166,2009-06-16,28,1
167,2009-06-17,28,1
168,2009-06-18,28,1
169,2009-06-19,30,0
170,2009-06-20,31,0
171,2009-06-21,31,0
172,2009-06-22,35,0
173,2009-06-23,32,0
174,2009-06-24,32,0
175,2009-06-25,33,0
176,2009-06-26,33,0
177,2009-06-27,30,0
178,2009-06-28,31,0
179,2009-06-29,29,0
180,2009-06-30,37,0
181,2009-07-01,30,0
182,2009-07-02,30,0
183,2009-07-03,31,0
184,2009-07-04,32,0
185,2009-07-05,31,0
186,2009-07-06,31,0
187,2009-07-07,30,1
188,2009-07-08,30,1
189,2009-07-09,29,1
190,2009-07-10,29,1
191,2009-07-11,28,1
192,2009-07-12,30,1
193,2009-07-13,29,1
194,2009-07-14,31,1
195,2009-07-15,31,1
196,2009-07-16,32,1
197,2009-07-17,31,1
198,2009-07-18,32,1
199,2009-07-19,31,1
200,2009-07-20,32,2
201,2009-07-21,31,2
202,2009-07-22,32,1
203,2009-07-23,38,1
204,2009-07-24,36,1
205,2009-07-25,30,1
206,2009-07-26,33,1
207,2009-07-27,31,1
208,2009-07-28,30,1
209,2009-07-29,30,1
210,2009-07-30,28,1
211,2009-07-31,32,1
212,2009-08-01,29,2
213,2009-08-02,30,2
214,2009-08-03,31,2
215,2009-08-04,31,1
216,2009-08-05,30,1
217,2009-08-06,29,1
218,2009-08-07,29,1
219,2009-08-08,30,1
220,2009-08-09,27,1
221,2009-08-10,31,1
222,2009-08-11,27,1
223,2009-08-12,25,1
224,2009-08-13,26,1
225,2009-08-14,26,1
226,2009-08-15,28,1
227,2009-08-16,29,1
228,2009-08-17,28,1
229,2009-08-18,27,1
230,2009-08-19,27,1
231,2009-08-20,27,1
232,2009-08-21,27,1
233,2009-08-22,28,1
234,2009-08-23,28,3
235,2009-08-24,28,1
236,2009-08-25,28,1
237,2009-08-26,27,1
238,2009-08-27,27,1
239,2009-08-28,28,1
240,2009-08-29,27,1
241,2009-08-30,26,1
242,2009-08-31,29,1
243,2009-09-01,28,1
244,2009-09-02,29,1
245,2009-09-03,30,1
246,2009-09-04,26,1
247,2009-09-05,26,1
248,2009-09-06,26,1
249,2009-09-07,29,1
250,2009-09-08,29,1
251,2009-09-09,29,1
252,2009-09-10,29,1
253,2009-09-11,28,1
254,2009-09-12,30,1
255,2009-09-13,30,1
256,2009-09-14,29,1
257,2009-09-15,30,1
258,2009-09-16,29,1
259,2009-09-17,30,1
260,2009-09-18,32,1
261,2009-09-19,29,1
262,2009-09-20,27,2
263,2009-09-21,29,2
264,2009-09-22,28,1
265,2009-09-23,28,1
266,2009-09-24,28,1
267,2009-09-25,30,1
268,2009-09-26,30,1
269,2009-09-27,30,1
270,2009-09-28,30,1
271,2009-09-29,35,1
272,2009-09-30,40,1
273,2009-10-01,35,1
274,2009-10-02,35,1
275,2009-10-03,34,1
276,2009-10-04,35,1
277,2009-10-05,35,1
278,2009-10-06,35,1
279,2009-10-07,35,1
280,2009-10-08,36,1
281,2009-10-09,36,1
282,2009-10-10,34,1
283,2009-10-11,33,1
284,2009-10-12,33,1
285,2009-10-13,32,1
286,2009-10-14,32,1
287,2009-10-15,31,1
288,2009-10-16,31,1
289,2009-10-17,31,1
290,2009-10-18,31,1
291,2009-10-19,32,1
292,2009-10-20,33,1
293,2009-10-21,32,1
294,2009-10-22,32,1
295,2009-10-23,33,1
296,2009-10-24,32,1
297,2009-10-25,32,1
298,2009-10-26,32,1
299,2009-10-27,31,1
300,2009-10-28,32,0
301,2009-10-29,32,0
302,2009-10-30,32,0
303,2009-10-31,33,0
304,2009-11-01,29,0
305,2009-11-02,32,0
306,2009-11-03,31,0
307,2009-11-04,29,0
308,2009-11-05,29,0
309,2009-11-06,30,0
310,2009-11-07,30,0
311,2009-11-08,32,0
312,2009-11-09,28,1
313,2009-11-10,28,1
314,2009-11-11,30,0
315,2009-11-12,31,0
316,2009-11-13,30,0
317,2009-11-14,29,0
318,2009-11-15,28,0
319,2009-11-16,29,0
320,2009-11-17,27,0
321,2009-11-18,27,0
322,2009-11-19,28,0
323,2009-11-20,28,0
324,2009-11-21,31,0
325,2009-11-22,31,0
326,2009-11-23,29,0
327,2009-11-24,29,0
328,2009-11-25,30,0
329,2009-11-26,30,0
330,2009-11-27,27,0
331,2009-11-28,26,0
332,2009-11-29,26,0
333,2009-11-30,32,0
334,2009-12-01,26,0
335,2009-12-02,26,0
336,2009-12-03,26,0
337,2009-12-04,26,0
338,2009-12-05,26,0
339,2009-12-06,25,0
340,2009-12-07,24,0
341,2009-12-08,26,0
342,2009-12-09,24,0
343,2009-12-10,24,0
344,2009-12-11,23,0
345,2009-12-12,23,0
346,2009-12-13,23,0
347,2009-12-14,26,0
348,2009-12-15,26,0
349,2009-12-16,26,0
350,2009-12-17,24,0
351,2009-12-18,27,0
352,2009-12-19,26,0
353,2009-12-20,26,0
354,2009-12-21,26,0
355,2009-12-22,24,0
356,2009-12-23,24,1
357,2009-12-24,23,1
358,2009-12-25,27,1
359,2009-12-26,27,0
360,2009-12-27,27,0
361,2009-12-28,28,0
362,2009-12-29,26,0
363,2009-12-30,26,0
364,2009-12-31,42,0
365,2010-01-01,57,0
366,2010-01-02,54,0
367,2010-01-03,54,0
368,2010-01-04,54,0
369,2010-01-05,53,0
370,2010-01-06,53,0
371,2010-01-07,53,0
372,2010-01-08,53,0
373,2010-01-09,52,0
374,2010-01-10,52,1
375,2010-01-11,52,0
376,2010-01-12,52,0
377,2010-01-13,50,0
378,2010-01-14,48,0
379,2010-01-15,49,0
380,2010-01-16,50,0
381,2010-01-17,52,0
382,2010-01-18,50,0
383,2010-01-19,51,0
384,2010-01-20,48,0
385,2010-01-21,49,0
386,2010-01-22,51,0
387,2010-01-23,50,0
388,2010-01-24,50,0
389,2010-01-25,50,0
390,2010-01-26,50,0
391,2010-01-27,47,0
392,2010-01-28,47,0
393,2010-01-29,45,0
394,2010-01-30,46,0
395,2010-01-31,50,0
396,2010-02-01,44,0
397,2010-02-02,44,0
398,2010-02-03,44,0
399,2010-02-04,46,0
400,2010-02-05,45,1
401,2010-02-06,46,1
402,2010-02-07,46,1
403,2010-02-08,48,1
404,2010-02-09,46,1
405,2010-02-10,44,1
406,2010-02-11,45,1
407,2010-02-12,45,0
408,2010-02-13,46,0
409,2010-02-14,46,0
410,2010-02-15,47,0
411,2010-02-16,44,0
412,2010-02-17,43,0
413,2010-02-18,44,0
414,2010-02-19,43,0
415,2010-02-20,43,0
416,2010-02-21,43,0
417,2010-02-22,44,0
418,2010-02-23,44,1
419,2010-02-24,44,1
420,2010-02-25,46,1
421,2010-02-26,45,1
422,2010-02-27,48,1
423,2010-02-28,59,1
424,2010-03-01,54,0
425,2010-03-02,53,0
426,2010-03-03,48,0
427,2010-03-04,50,0
428,2010-03-05,48,0
429,2010-03-06,49,0
430,2010-03-07,49,0
431,2010-03-08,50,0
432,2010-03-09,49,0
433,2010-03-10,50,0
434,2010-03-11,48,0
435,2010-03-12,45,0
436,2010-03-13,44,1
437,2010-03-14,44,1
438,2010-03-15,43,1
439,2010-03-16,41,0
440,2010-03-17,42,0
441,2010-03-18,38,0
442,2010-03-19,38,0
443,2010-03-20,38,0
444,2010-03-21,40,0
445,2010-03-22,42,0
446,2010-03-23,33,0
447,2010-03-24,34,0
448,2010-03-25,31,0
449,2010-03-26,32,0
450,2010-03-27,31,1
451,2010-03-28,31,1
452,2010-03-29,31,1
453,2010-03-30,31,1
454,2010-03-31,33,1
455,2010-04-01,33,0
456,2010-04-02,33,0
457,2010-04-03,33,0
458,2010-04-04,35,0
459,2010-04-05,34,0
460,2010-04-06,36,0
461,2010-04-07,33,0
462,2010-04-08,33,0
463,2010-04-09,32,0
464,2010-04-10,34,0
465,2010-04-11,34,0
466,2010-04-12,33,0
467,2010-04-13,34,0
468,2010-04-14,35,0
469,2010-04-15,32,0
470,2010-04-16,32,0
471,2010-04-17,34,0
472,2010-04-18,34,0
473,2010-04-19,32,0
474,2010-04-20,32,0
475,2010-04-21,32,0
476,2010-04-22,32,0
477,2010-04-23,32,0
478,2010-04-24,33,1
479,2010-04-25,32,0
480,2010-04-26,32,0
481,2010-04-27,32,0
482,2010-04-28,32,0
483,2010-04-29,32,0
484,2010-04-30,35,1
485,2010-05-01,32,1
486,2010-05-02,32,1
487,2010-05-03,31,1
488,2010-05-04,32,0
489,2010-05-05,34,0
490,2010-05-06,36,0
491,2010-05-07,35,0
492,2010-05-08,36,0
493,2010-05-09,34,0
494,2010-05-10,34,1
495,2010-05-11,33,1
496,2010-05-12,33,2
497,2010-05-13,33,2
498,2010-05-14,33,2
499,2010-05-15,35,2
500,2010-05-16,37,2
501,2010-05-17,37,0
502,2010-05-18,37,0
503,2010-05-19,37,0
504,2010-05-20,38,0
505,2010-05-21,36,0
506,2010-05-22,36,0
507,2010-05-23,36,0
508,2010-05-24,37,0
509,2010-05-25,34,0
510,2010-05-26,34,0
511,2010-05-27,31,0
512,2010-05-28,33,0
513,2010-05-29,35,0
514,2010-05-30,35,0
515,2010-05-31,40,0
516,2010-06-01,36,0
517,2010-06-02,31,0
518,2010-06-03,32,0
519,2010-06-04,28,0
520,2010-06-05,29,0
521,2010-06-06,31,0
522,2010-06-07,30,0
523,2010-06-08,28,0
524,2010-06-09,28,0
525,2010-06-10,28,1
526,2010-06-11,28,1
527,2010-06-12,28,0
528,2010-06-13,28,0
529,2010-06-14,29,0
530,2010-06-15,31,0
531,2010-06-16,31,0
532,2010-06-17,30,1
533,2010-06-18,29,1
534,2010-06-19,30,1
535,2010-06-20,32,1
536,2010-06-21,33,0
537,2010-06-22,34,0
538,2010-06-23,32,0
539,2010-06-24,33,0
540,2010-06-25,32,0
541,2010-06-26,32,0
542,2010-06-27,36,0
543,2010-06-28,32,0
544,2010-06-29,31,0
545,2010-06-30,40,0
546,2010-07-01,36,0
547,2010-07-02,36,0
548,2010-07-03,35,0
549,2010-07-04,34,0
550,2010-07-05,36,0
551,2010-07-06,36,0
552,2010-07-07,35,0
553,2010-07-08,33,0
554,2010-07-09,33,0
555,2010-07-10,36,0
556,2010-07-11,37,0
557,2010-07-12,38,0
558,2010-07-13,38,0
559,2010-07-14,37,0
560,2010-07-15,39,0
561,2010-07-16,35,0
562,2010-07-17,35,0
563,2010-07-18,35,0
564,2010-07-19,36,0
565,2010-07-20,37,0
566,2010-07-21,39,0
567,2010-07-22,40,0
568,2010-07-23,43,0
569,2010-07-24,40,0
570,2010-07-25,41,0
571,2010-07-26,37,0
572,2010-07-27,39,0
573,2010-07-28,40,0
574,2010-07-29,40,0
575,2010-07-30,41,0
576,2010-07-31,49,0
577,2010-08-01,34,0
578,2010-08-02,32,0
579,2010-08-03,32,0
580,2010-08-04,31,0
581,2010-08-05,31,0
582,2010-08-06,33,0
583,2010-08-07,36,0
584,2010-08-08,34,0
585,2010-08-09,31,0
586,2010-08-10,29,0
587,2010-08-11,29,0
588,2010-08-12,29,0
589,2010-08-13,29,0
590,2010-08-14,29,0
591,2010-08-15,29,0
592,2010-08-16,28,0
593,2010-08-17,28,0
594,2010-08-18,29,0
595,2010-08-19,28,0
596,2010-08-20,28,0
597,2010-08-21,29,0
598,2010-08-22,28,0
599,2010-08-23,29,0
600,2010-08-24,29,0
601,2010-08-25,27,0
602,2010-08-26,25,0
603,2010-08-27,28,0
604,2010-08-28,26,0
605,2010-08-29,28,0
606,2010-08-30,28,0
607,2010-08-31,29,0
608,2010-09-01,24,0
609,2010-09-02,27,0
610,2010-09-03,25,1
611,2010-09-04,26,0
612,2010-09-05,26,0
613,2010-09-06,28,0
614,2010-09-07,26,1
615,2010-09-08,25,1
616,2010-09-09,27,1
617,2010-09-10,26,1
618,2010-09-11,27,1
619,2010-09-12,26,0
620,2010-09-13,27,0
621,2010-09-14,27,0
622,2010-09-15,28,0
623,2010-09-16,27,0
624,2010-09-17,26,0
625,2010-09-18,24,0
626,2010-09-19,24,0
627,2010-09-20,26,0
628,2010-09-21,24,0
629,2010-09-22,21,0
630,2010-09-23,21,0
631,2010-09-24,24,0
632,2010-09-25,26,0
633,2010-09-26,21,0
634,2010-09-27,22,0
635,2010-09-28,22,0
636,2010-09-29,23,0
637,2010-09-30,25,0
638,2010-10-01,19,0
639,2010-10-02,20,0
640,2010-10-03,20,0
641,2010-10-04,21,0
642,2010-10-05,20,0
643,2010-10-06,22,0
644,2010-10-07,18,0
645,2010-10-08,17,0
646,2010-10-09,16,0
647,2010-10-10,17,0
648,2010-10-11,17,0
649,2010-10-12,18,0
650,2010-10-13,16,0
651,2010-10-14,17,0
652,2010-10-15,18,0
653,2010-10-16,20,0
654,2010-10-17,20,0
655,2010-10-18,22,0
656,2010-10-19,17,0
657,2010-10-20,18,0
658,2010-10-21,18,0
659,2010-10-22,22,0
660,2010-10-23,19,0
661,2010-10-24,20,0
662,2010-10-25,20,0
663,2010-10-26,19,0
664,2010-10-27,19,0
665,2010-10-28,19,0
666,2010-10-29,23,0
667,2010-10-30,21,0
668,2010-10-31,28,0
669,2010-11-01,28,0
670,2010-11-02,29,0
671,2010-11-03,29,0
672,2010-11-04,29,0
673,2010-11-05,29,0
674,2010-11-06,27,0
675,2010-11-07,26,0
676,2010-11-08,27,0
677,2010-11-09,27,0
678,2010-11-10,26,0
679,2010-11-11,25,0
680,2010-11-12,26,0
681,2010-11-13,26,0
682,2010-11-14,26,0
683,2010-11-15,27,0
684,2010-11-16,27,0
685,2010-11-17,26,0
686,2010-11-18,25,0
687,2010-11-19,25,0
688,2010-11-20,25,0
689,2010-11-21,25,0
690,2010-11-22,25,0
691,2010-11-23,24,0
692,2010-11-24,24,0
693,2010-11-25,26,0
694,2010-11-26,26,0
695,2010-11-27,28,0
696,2010-11-28,31,0
697,2010-11-29,32,0
698,2010-11-30,43,0
699,2010-12-01,39,0
700,2010-12-02,34,0
701,2010-12-03,40,0
702,2010-12-04,36,0
703,2010-12-05,38,0
704,2010-12-06,33,0
705,2010-12-07,30,0
706,2010-12-08,30,0
707,2010-12-09,30,0
708,2010-12-10,30,0
709,2010-12-11,28,0
710,2010-12-12,28,0
711,2010-12-13,27,0
712,2010-12-14,27,0
713,2010-12-15,28,0
714,2010-12-16,28,0
715,2010-12-17,28,0
716,2010-12-18,27,0
717,2010-12-19,27,1
718,2010-12-20,28,0
719,2010-12-21,27,0
720,2010-12-22,27,0
721,2010-12-23,31,0
722,2010-12-24,32,0
723,2010-12-25,30,0
724,2010-12-26,30,2
725,2010-12-27,31,1
726,2010-12-28,31,1
727,2010-12-29,30,0
728,2010-12-30,30,0
729,2010-12-31,40,2
730,2011-01-01,39,2
731,2011-01-02,35,1
732,2011-01-03,37,1
733,2011-01-04,37,1
734,2011-01-05,37,1
735,2011-01-06,37,1
736,2011-01-07,38,2
737,2011-01-08,40,2
738,2011-01-09,40,2
739,2011-01-10,40,2
740,2011-01-11,43,2
741,2011-01-12,44,2
742,2011-01-13,41,1
743,2011-01-14,39,1
744,2011-01-15,39,1
745,2011-01-16,39,1
746,2011-01-17,39,2
747,2011-01-18,40,2
748,2011-01-19,37,2
749,2011-01-20,36,2
750,2011-01-21,35,2
751,2011-01-22,35,2
752,2011-01-23,35,2
753,2011-01-24,35,2
754,2011-01-25,37,1
755,2011-01-26,36,1
756,2011-01-27,36,1
757,2011-01-28,37,1
758,2011-01-29,37,1
759,2011-01-30,37,1
760,2011-01-31,39,2
761,2011-02-01,35,2
762,2011-02-02,37,2
763,2011-02-03,35,1
764,2011-02-04,35,1
765,2011-02-05,32,1
766,2011-02-06,32,1
767,2011-02-07,32,1
768,2011-02-08,30,1
769,2011-02-09,29,1
770,2011-02-10,31,1
771,2011-02-11,30,1
772,2011-02-12,30,1
773,2011-02-13,30,1
774,2011-02-14,32,1
775,2011-02-15,31,1
776,2011-02-16,32,1
777,2011-02-17,28,1
778,2011-02-18,28,1
779,2011-02-19,28,1
780,2011-02-20,28,1
781,2011-02-21,28,1
782,2011-02-22,28,1
783,2011-02-23,27,1
784,2011-02-24,27,1
785,2011-02-25,27,1
786,2011-02-26,28,1
787,2011-02-27,27,1
788,2011-02-28,34,1
789,2011-03-01,27,1
790,2011-03-02,27,1
791,2011-03-03,27,1
792,2011-03-04,27,1
793,2011-03-05,27,1
794,2011-03-06,27,1
795,2011-03-07,27,1
796,2011-03-08,26,1
797,2011-03-09,26,1
798,2011-03-10,28,1
799,2011-03-11,29,1
800,2011-03-12,27,1
801,2011-03-13,27,1
802,2011-03-14,30,1
803,2011-03-15,30,1
804,2011-03-16,30,1
805,2011-03-17,32,1
806,2011-03-18,33,1
807,2011-03-19,30,1
808,2011-03-20,31,1
809,2011-03-21,29,1
810,2011-03-22,29,1
811,2011-03-23,30,1
812,2011-03-24,33,1
813,2011-03-25,30,1
814,2011-03-26,30,1
815,2011-03-27,30,1
816,2011-03-28,30,1
817,2011-03-29,30,1
818,2011-03-30,30,1
819,2011-03-31,32,1
820,2011-04-01,31,1
821,2011-04-02,31,1
822,2011-04-03,31,2
823,2011-04-04,31,3
824,2011-04-05,30,3
825,2011-04-06,29,2
826,2011-04-07,30,2
827,2011-04-08,29,2
828,2011-04-09,31,3
829,2011-04-10,31,3
830,2011-04-11,32,3
831,2011-04-12,30,3
832,2011-04-13,28,3
833,2011-04-14,28,4
834,2011-04-15,29,4
835,2011-04-16,27,4
836,2011-04-17,28,3
837,2011-04-18,28,4
838,2011-04-19,25,4
839,2011-04-20,25,4
840,2011-04-21,26,4
841,2011-04-22,28,5
842,2011-04-23,26,5
843,2011-04-24,26,5
844,2011-04-25,26,5
845,2011-04-26,25,5
846,2011-04-27,25,5
847,2011-04-28,25,5
848,2011-04-29,25,5
849,2011-04-30,27,4
850,2011-05-01,25,4
851,2011-05-02,25,4
852,2011-05-03,25,4
853,2011-05-04,25,4
854,2011-05-05,26,4
855,2011-05-06,25,4
856,2011-05-07,24,4
857,2011-05-08,26,4
858,2011-05-09,26,4
859,2011-05-10,25,4
860,2011-05-11,26,4
861,2011-05-12,23,4
862,2011-05-13,23,4
863,2011-05-14,23,5
864,2011-05-15,23,6
865,2011-05-16,23,6
866,2011-05-17,23,5
867,2011-05-18,23,5
868,2011-05-19,24,5
869,2011-05-20,24,6
870,2011-05-21,24,6
871,2011-05-22,23,6
872,2011-05-23,23,6
873,2011-05-24,23,6
874,2011-05-25,24,4
875,2011-05-26,25,3
876,2011-05-27,24,3
877,2011-05-28,24,3
878,2011-05-29,25,5
879,2011-05-30,23,5
880,2011-05-31,28,5
881,2011-06-01,23,4
882,2011-06-02,23,3
883,2011-06-03,23,3
884,2011-06-04,26,3
885,2011-06-05,26,3
886,2011-06-06,27,3
887,2011-06-07,27,3
888,2011-06-08,27,3
889,2011-06-09,27,3
890,2011-06-10,27,3
891,2011-06-11,28,3
892,2011-06-12,28,3
893,2011-06-13,28,3
894,2011-06-14,29,3
895,2011-06-15,30,3
896,2011-06-16,30,3
897,2011-06-17,30,3
898,2011-06-18,28,3
899,2011-06-19,30,3
900,2011-06-20,30,3
901,2011-06-21,30,3
902,2011-06-22,31,3
903,2011-06-23,31,3
904,2011-06-24,31,2
905,2011-06-25,29,2
906,2011-06-26,28,2
907,2011-06-27,28,2
908,2011-06-28,30,2
909,2011-06-29,28,2
910,2011-06-30,28,2
911,2011-07-01,22,1
912,2011-07-02,22,1
913,2011-07-03,22,1
914,2011-07-04,24,1
915,2011-07-05,23,1
916,2011-07-06,22,1
917,2011-07-07,22,1
918,2011-07-08,23,1
919,2011-07-09,23,1
920,2011-07-10,23,1
921,2011-07-11,25,1
922,2011-07-12,24,1
923,2011-07-13,25,1
924,2011-07-14,25,1
925,2011-07-15,28,1
926,2011-07-16,27,1
927,2011-07-17,25,1
928,2011-07-18,25,1
929,2011-07-19,27,2
930,2011-07-20,22,2
931,2011-07-21,19,2
932,2011-07-22,20,2
933,2011-07-23,22,1
934,2011-07-24,22,1
935,2011-07-25,23,1
936,2011-07-26,25,1
937,2011-07-27,26,1
938,2011-07-28,24,1
939,2011-07-29,25,1
940,2011-07-30,21,1
941,2011-07-31,23,1
942,2011-08-01,22,1
943,2011-08-02,22,1
944,2011-08-03,23,1
945,2011-08-04,26,1
946,2011-08-05,27,1
947,2011-08-06,25,2
948,2011-08-07,25,2
949,2011-08-08,26,2
950,2011-08-09,25,2
951,2011-08-10,26,1
952,2011-08-11,27,1
953,2011-08-12,26,1
954,2011-08-13,26,2
955,2011-08-14,26,2
956,2011-08-15,29,1
957,2011-08-16,29,1
958,2011-08-17,31,1
959,2011-08-18,32,1
960,2011-08-19,31,1
961,2011-08-20,32,1
962,2011-08-21,32,2
963,2011-08-22,33,2
964,2011-08-23,35,2
965,2011-08-24,37,2
966,2011-08-25,33,1
967,2011-08-26,35,1
968,2011-08-27,35,2
969,2011-08-28,34,3
970,2011-08-29,35,3
971,2011-08-30,33,2
972,2011-08-31,43,2
973,2011-09-01,42,2
974,2011-09-02,43,2
975,2011-09-03,42,2
976,2011-09-04,42,4
977,2011-09-05,43,4
978,2011-09-06,42,4
979,2011-09-07,42,4
980,2011-09-08,41,4
981,2011-09-09,35,4
982,2011-09-10,34,2
983,2011-09-11,34,2
984,2011-09-12,34,2
985,2011-09-13,34,2
986,2011-09-14,34,1
987,2011-09-15,32,1
988,2011-09-16,31,1
989,2011-09-17,31,1
990,2011-09-18,35,1
991,2011-09-19,33,1
992,2011-09-20,32,1
993,2011-09-21,32,1
994,2011-09-22,33,1
995,2011-09-23,31,1
996,2011-09-24,32,1
997,2011-09-25,32,1
998,2011-09-26,32,1
999,2011-09-27,32,1
1000,2011-09-28,32,1
1001,2011-09-29,33,1
1002,2011-09-30,32,1
1003,2011-10-01,33,1
1004,2011-10-02,33,1
1005,2011-10-03,31,1
1006,2011-10-04,29,1
1007,2011-10-05,29,1
1008,2011-10-06,30,1
1009,2011-10-07,31,1
1010,2011-10-08,31,1
1011,2011-10-09,31,1
1012,2011-10-10,32,1
1013,2011-10-11,34,1
1014,2011-10-12,34,1
1015,2011-10-13,35,1
1016,2011-10-14,32,1
1017,2011-10-15,25,1
1018,2011-10-16,25,1
1019,2011-10-17,27,1
1020,2011-10-18,24,1
1021,2011-10-19,24,1
1022,2011-10-20,26,1
1023,2011-10-21,25,1
1024,2011-10-22,23,1
1025,2011-10-23,24,1
1026,2011-10-24,22,1
1027,2011-10-25,23,1
1028,2011-10-26,24,1
1029,2011-10-27,23,1
1030,2011-10-28,24,1
1031,2011-10-29,22,2
1032,2011-10-30,21,2
1033,2011-10-31,22,2
1034,2011-11-01,21,0
1035,2011-11-02,17,0
1036,2011-11-03,18,0
1037,2011-11-04,21,0
1038,2011-11-05,19,0
1039,2011-11-06,19,0
1040,2011-11-07,20,0
1041,2011-11-08,18,0
1042,2011-11-09,20,0
1043,2011-11-10,20,0
1044,2011-11-11,19,0
1045,2011-11-12,19,0
1046,2011-11-13,19,0
1047,2011-11-14,20,0
1048,2011-11-15,19,0
1049,2011-11-16,18,0
1050,2011-11-17,18,0
1051,2011-11-18,17,0
1052,2011-11-19,17,0
1053,2011-11-20,17,0
1054,2011-11-21,17,0
1055,2011-11-22,18,0
1056,2011-11-23,17,0
1057,2011-11-24,18,0
1058,2011-11-25,18,0
1059,2011-11-26,19,0
1060,2011-11-27,19,0
1061,2011-11-28,17,0
1062,2011-11-29,18,0
1063,2011-11-30,33,0
1064,2011-12-01,18,0
1065,2011-12-02,17,0
1066,2011-12-03,16,0
1067,2011-12-04,18,0
1068,2011-12-05,17,0
1069,2011-12-06,18,0
1070,2011-12-07,19,0
1071,2011-12-08,19,0
1072,2011-12-09,19,0
1073,2011-12-10,19,0
1074,2011-12-11,20,0
1075,2011-12-12,19,0
1076,2011-12-13,19,0
1077,2011-12-14,19,0
1078,2011-12-15,21,0
1079,2011-12-16,22,0
1080,2011-12-17,20,0
1081,2011-12-18,21,0
1082,2011-12-19,19,0
1083,2011-12-20,20,1
1084,2011-12-21,21,0
1085,2011-12-22,20,0
1086,2011-12-23,17,0
1087,2011-12-24,17,0
1088,2011-12-25,18,0
1089,2011-12-26,18,0
1090,2011-12-27,18,0
1091,2011-12-28,16,0
1092,2011-12-29,17,0
1093,2011-12-30,16,0
1094,2011-12-31,30,0
1095,2012-01-01,31,0
1096,2012-01-02,29,0
1097,2012-01-03,29,0
1098,2012-01-04,29,0
1099,2012-01-05,29,0
1100,2012-01-06,29,0
1101,2012-01-07,27,0
1102,2012-01-08,27,0
1103,2012-01-09,27,0
1104,2012-01-10,26,0
1105,2012-01-11,27,0
1106,2012-01-12,28,0
1107,2012-01-13,28,0
1108,2012-01-14,28,0
1109,2012-01-15,30,0
1110,2012-01-16,30,0
1111,2012-01-17,31,0
1112,2012-01-18,30,1
1113,2012-01-19,29,1
1114,2012-01-20,29,1
1115,2012-01-21,28,1
1116,2012-01-22,30,2
1117,2012-01-23,28,2
1118,2012-01-24,31,0
1119,2012-01-25,29,0
1120,2012-01-26,28,0
1121,2012-01-27,30,0
1122,2012-01-28,31,0
1123,2012-01-29,31,0
1124,2012-01-30,33,0
1125,2012-01-31,48,0
1126,2012-02-01,21,0
1127,2012-02-02,23,0
1128,2012-02-03,25,0
1129,2012-02-04,25,0
1130,2012-02-05,25,0
1131,2012-02-06,25,0
1132,2012-02-07,23,0
1133,2012-02-08,22,0
1134,2012-02-09,22,0
1135,2012-02-10,21,0
1136,2012-02-11,21,0
1137,2012-02-12,21,0
1138,2012-02-13,22,0
1139,2012-02-14,23,0
1140,2012-02-15,23,0
1141,2012-02-16,22,0
1142,2012-02-17,20,0
1143,2012-02-18,21,0
1144,2012-02-19,21,0
1145,2012-02-20,22,0
1146,2012-02-21,21,0
1147,2012-02-22,21,0
1148,2012-02-23,22,0
1149,2012-02-24,22,0
1150,2012-02-25,23,0
1151,2012-02-26,23,0
1152,2012-02-27,22,0
1153,2012-02-28,22,1
1154,2012-02-29,24,1
1155,2012-03-01,26,0
1156,2012-03-02,26,1
1157,2012-03-03,26,1
1158,2012-03-04,26,1
1159,2012-03-05,27,0
1160,2012-03-06,26,0
1161,2012-03-07,26,0
1162,2012-03-08,23,0
1163,2012-03-09,24,0
1164,2012-03-10,23,0
1165,2012-03-11,23,0
1166,2012-03-12,24,0
1167,2012-03-13,23,0
1168,2012-03-14,22,0
1169,2012-03-15,24,0
1170,2012-03-16,23,0
1171,2012-03-17,22,0
1172,2012-03-18,22,0
1173,2012-03-19,22,0
1174,2012-03-20,23,0
1175,2012-03-21,22,0
1176,2012-03-22,22,0
1177,2012-03-23,23,0
1178,2012-03-24,23,0
1179,2012-03-25,23,1
1180,2012-03-26,21,1
1181,2012-03-27,20,1
1182,2012-03-28,19,1
1183,2012-03-29,20,1
1184,2012-03-30,20,1
1185,2012-03-31,22,0
1186,2012-04-01,20,0
1187,2012-04-02,20,1
1188,2012-04-03,21,1
1189,2012-04-04,22,0
1190,2012-04-05,21,0
1191,2012-04-06,21,0
1192,2012-04-07,21,0
1193,2012-04-08,21,0
1194,2012-04-09,22,0
1195,2012-04-10,24,0
1196,2012-04-11,23,0
1197,2012-04-12,23,0
1198,2012-04-13,23,0
1199,2012-04-14,24,1
1200,2012-04-15,25,1
1201,2012-04-16,25,0
1202,2012-04-17,24,0
1203,2012-04-18,24,0
1204,2012-04-19,22,0
1205,2012-04-20,27,0
1206,2012-04-21,26,0
1207,2012-04-22,28,0
1208,2012-04-23,29,0
1209,2012-04-24,29,0
1210,2012-04-25,28,0
1211,2012-04-26,27,0
1212,2012-04-27,25,0
1213,2012-04-28,25,1
1214,2012-04-29,24,1
1215,2012-04-30,26,0
1216,2012-05-01,23,0
1217,2012-05-02,23,0
1218,2012-05-03,23,0
1219,2012-05-04,23,0
1220,2012-05-05,24,0
1221,2012-05-06,25,0
1222,2012-05-07,26,0
1223,2012-05-08,25,0
1224,2012-05-09,26,0
1225,2012-05-10,25,0
1226,2012-05-11,25,0
1227,2012-05-12,26,0
1228,2012-05-13,27,0
1229,2012-05-14,26,0
1230,2012-05-15,26,0
1231,2012-05-16,25,0
1232,2012-05-17,21,0
1233,2012-05-18,23,0
1234,2012-05-19,21,0
1235,2012-05-20,24,0
1236,2012-05-21,21,0
1237,2012-05-22,22,0
1238,2012-05-23,21,0
1239,2012-05-24,24,0
1240,2012-05-25,22,1
1241,2012-05-26,22,1
1242,2012-05-27,22,1
1243,2012-05-28,20,1
1244,2012-05-29,21,1
1245,2012-05-30,20,1
1246,2012-05-31,25,1
1247,2012-06-01,23,1
1248,2012-06-02,23,1
1249,2012-06-03,23,1
1250,2012-06-04,22,1
1251,2012-06-05,22,1
1252,2012-06-06,22,2
1253,2012-06-07,22,2
1254,2012-06-08,22,1
1255,2012-06-09,24,2
1256,2012-06-10,25,2
1257,2012-06-11,27,3
1258,2012-06-12,25,3
1259,2012-06-13,23,2
1260,2012-06-14,22,1
1261,2012-06-15,24,1
1262,2012-06-16,23,1
1263,2012-06-17,23,1
1264,2012-06-18,24,1
1265,2012-06-19,24,1
1266,2012-06-20,24,1
1267,2012-06-21,23,1
1268,2012-06-22,24,2
1269,2012-06-23,25,3
1270,2012-06-24,28,3
1271,2012-06-25,25,3
1272,2012-06-26,26,3
1273,2012-06-27,26,3
1274,2012-06-28,26,3
1275,2012-06-29,27,3
1276,2012-06-30,29,5
1277,2012-07-01,26,4
1278,2012-07-02,26,5
1279,2012-07-03,24,4
1280,2012-07-04,25,4
1281,2012-07-05,24,3
1282,2012-07-06,24,3
1283,2012-07-07,24,3
1284,2012-07-08,24,3
1285,2012-07-09,25,3
1286,2012-07-10,25,3
1287,2012-07-11,27,2
1288,2012-07-12,26,2
1289,2012-07-13,26,2
1290,2012-07-14,25,2
1291,2012-07-15,28,2
1292,2012-07-16,27,2
1293,2012-07-17,26,2
1294,2012-07-18,27,2
1295,2012-07-19,28,2
1296,2012-07-20,28,1
1297,2012-07-21,28,1
1298,2012-07-22,29,1
1299,2012-07-23,29,1
1300,2012-07-24,31,1
1301,2012-07-25,28,1
1302,2012-07-26,28,1
1303,2012-07-27,29,1
1304,2012-07-28,27,1
1305,2012-07-29,28,1
1306,2012-07-30,26,1
1307,2012-07-31,30,1
1308,2012-08-01,29,1
1309,2012-08-02,31,1
1310,2012-08-03,31,2
1311,2012-08-04,32,2
1312,2012-08-05,32,2
1313,2012-08-06,33,2
1314,2012-08-07,33,2
1315,2012-08-08,34,2
1316,2012-08-09,30,1
1317,2012-08-10,30,1
1318,2012-08-11,30,1
1319,2012-08-12,29,2
1320,2012-08-13,28,1
1321,2012-08-14,29,1
1322,2012-08-15,31,1
1323,2012-08-16,31,1
1324,2012-08-17,35,1
1325,2012-08-18,33,1
1326,2012-08-19,32,1
1327,2012-08-20,34,1
1328,2012-08-21,35,1
1329,2012-08-22,34,1
1330,2012-08-23,35,1
1331,2012-08-24,34,1
1332,2012-08-25,39,1
1333,2012-08-26,34,1
1334,2012-08-27,34,1
1335,2012-08-28,35,2
1336,2012-08-29,34,2
1337,2012-08-30,31,1
1338,2012-08-31,31,1
1339,2012-09-01,28,1
1340,2012-09-02,27,1
1341,2012-09-03,26,1
1342,2012-09-04,28,1
1343,2012-09-05,27,1
1344,2012-09-06,25,1
1345,2012-09-07,28,2
1346,2012-09-08,26,2
1347,2012-09-09,26,2
1348,2012-09-10,26,1
1349,2012-09-11,26,1
1350,2012-09-12,26,1
1351,2012-09-13,27,1
1352,2012-09-14,25,1
1353,2012-09-15,27,1
1354,2012-09-16,28,1
1355,2012-09-17,29,1
1356,2012-09-18,28,1
1357,2012-09-19,28,1
1358,2012-09-20,27,1
1359,2012-09-21,28,1
1360,2012-09-22,28,1
1361,2012-09-23,30,1
1362,2012-09-24,28,1
1363,2012-09-25,26,1
1364,2012-09-26,25,1
1365,2012-09-27,25,1
1366,2012-09-28,25,1
1367,2012-09-29,24,1
1368,2012-09-30,24,1
1369,2012-10-01,21,1
1370,2012-10-02,21,1
1371,2012-10-03,22,1
1372,2012-10-04,20,1
1373,2012-10-05,23,1
1374,2012-10-06,22,1
1375,2012-10-07,22,1
1376,2012-10-08,22,1
1377,2012-10-09,23,1
1378,2012-10-10,24,1
1379,2012-10-11,22,1
1380,2012-10-12,23,1
1381,2012-10-13,23,1
1382,2012-10-14,23,1
1383,2012-10-15,23,1
1384,2012-10-16,19,1
1385,2012-10-17,20,1
1386,2012-10-18,17,1
1387,2012-10-19,17,1
1388,2012-10-20,15,1
1389,2012-10-21,15,1
1390,2012-10-22,16,1
1391,2012-10-23,15,1
1392,2012-10-24,20,1
1393,2012-10-25,19,1
1394,2012-10-26,19,1
1395,2012-10-27,18,1
1396,2012-10-28,21,2
1397,2012-10-29,21,1
1398,2012-10-30,19,1
1399,2012-10-31,20,1
1400,2012-11-01,15,1
1401,2012-11-02,15,1
1402,2012-11-03,15,1
1403,2012-11-04,16,1
1404,2012-11-05,18,1
1405,2012-11-06,18,1
1406,2012-11-07,17,1
1407,2012-11-08,16,1
1408,2012-11-09,14,1
1409,2012-11-10,14,1
1410,2012-11-11,16,1
1411,2012-11-12,14,1
1412,2012-11-13,14,1
1413,2012-11-14,14,1
1414,2012-11-15,14,1
1415,2012-11-16,14,1
1416,2012-11-17,15,1
1417,2012-11-18,15,1
1418,2012-11-19,13,1
1419,2012-11-20,14,1
1420,2012-11-21,16,1
1421,2012-11-22,15,1
1422,2012-11-23,15,1
1423,2012-11-24,16,1
1424,2012-11-25,16,1
1425,2012-11-26,15,1
1426,2012-11-27,14,1
1427,2012-11-28,14,1
1428,2012-11-29,14,1
1429,2012-11-30,16,1
1430,2012-12-01,14,0
1431,2012-12-02,14,0
1432,2012-12-03,12,0
1433,2012-12-04,13,0
1434,2012-12-05,12,0
1435,2012-12-06,12,0
1436,2012-12-07,19,0
1437,2012-12-08,18,0
1438,2012-12-09,18,0
1439,2012-12-10,17,0
1440,2012-12-11,17,0
1441,2012-12-12,17,0
1442,2012-12-13,18,0
1443,2012-12-14,18,0
1444,2012-12-15,20,0
1445,2012-12-16,19,0
1446,2012-12-17,20,0
1447,2012-12-18,22,0
1448,2012-12-19,20,1
1449,2012-12-20,19,1
1450,2012-12-21,19,1
1451,2012-12-22,19,0
1452,2012-12-23,19,0
1453,2012-12-24,19,1
1454,2012-12-25,21,2
1455,2012-12-26,19,2
1456,2012-12-27,18,2
1457,2012-12-28,17,0
1458,2012-12-29,17,0
1459,2012-12-30,17,0
1460,2012-12-31,36,0
1461,2013-01-01,28,0
1462,2013-01-02,27,0
1463,2013-01-03,29,0
1464,2013-01-04,29,0
1465,2013-01-05,29,0
1466,2013-01-06,30,0
1467,2013-01-07,29,0
1468,2013-01-08,32,0
1469,2013-01-09,31,0
1470,2013-01-10,31,0
1471,2013-01-11,29,0
1472,2013-01-12,28,0
1473,2013-01-13,29,0
1474,2013-01-14,30,0
1475,2013-01-15,30,0
1476,2013-01-16,32,0
1477,2013-01-17,32,0
1478,2013-01-18,31,0
1479,2013-01-19,31,0
1480,2013-01-20,30,0
1481,2013-01-21,27,0
1482,2013-01-22,27,0
1483,2013-01-23,27,0
1484,2013-01-24,26,0
1485,2013-01-25,26,0
1486,2013-01-26,26,0
1487,2013-01-27,26,0
1488,2013-01-28,28,0
1489,2013-01-29,26,1
1490,2013-01-30,27,1
1491,2013-01-31,27,0
1492,2013-02-01,21,0
1493,2013-02-02,21,0
1494,2013-02-03,21,0
1495,2013-02-04,22,0
1496,2013-02-05,22,0
1497,2013-02-06,23,0
1498,2013-02-07,22,0
1499,2013-02-08,21,1
1500,2013-02-09,22,2
1501,2013-02-10,21,1
1502,2013-02-11,20,1
1503,2013-02-12,20,0
1504,2013-02-13,20,0
1505,2013-02-14,19,0
1506,2013-02-15,21,0
1507,2013-02-16,20,0
1508,2013-02-17,20,0
1509,2013-02-18,21,0
1510,2013-02-19,21,0
1511,2013-02-20,23,0
1512,2013-02-21,22,0
1513,2013-02-22,21,0
1514,2013-02-23,20,0
1515,2013-02-24,22,1
1516,2013-02-25,22,1
1517,2013-02-26,23,0
1518,2013-02-27,22,0
1519,2013-02-28,21,0
1520,2013-03-01,21,0
1521,2013-03-02,21,0
1522,2013-03-03,23,0
1523,2013-03-04,22,0
1524,2013-03-05,19,0
1525,2013-03-06,19,0
1526,2013-03-07,19,0
1527,2013-03-08,19,0
1528,2013-03-09,19,0
1529,2013-03-10,20,0
1530,2013-03-11,20,0
1531,2013-03-12,20,0
1532,2013-03-13,20,0
1533,2013-03-14,21,0
1534,2013-03-15,21,0
1535,2013-03-16,20,0
1536,2013-03-17,21,0
1537,2013-03-18,22,1
1538,2013-03-19,21,1
1539,2013-03-20,21,0
1540,2013-03-21,20,0
1541,2013-03-22,21,0
1542,2013-03-23,20,0
1543,2013-03-24,21,0
1544,2013-03-25,21,0
1545,2013-03-26,20,0
1546,2013-03-27,20,0
1547,2013-03-28,19,0
1548,2013-03-29,23,0
1549,2013-03-30,23,0
1550,2013-03-31,21,0
1551,2013-04-01,19,0
1552,2013-04-02,19,0
1553,2013-04-03,19,0
1554,2013-04-04,18,0
1555,2013-04-05,18,0
1556,2013-04-06,19,0
1557,2013-04-07,20,1
1558,2013-04-08,18,1
1559,2013-04-09,19,1
1560,2013-04-10,19,1
1561,2013-04-11,19,1
1562,2013-04-12,19,0
1563,2013-04-13,18,0
1564,2013-04-14,20,0
1565,2013-04-15,20,0
1566,2013-04-16,22,0
1567,2013-04-17,21,1
1568,2013-04-18,20,1
1569,2013-04-19,19,1
1570,2013-04-20,20,0
1571,2013-04-21,19,0
1572,2013-04-22,20,1
1573,2013-04-23,20,1
1574,2013-04-24,19,1
1575,2013-04-25,19,1
1576,2013-04-26,19,1
1577,2013-04-27,19,1
1578,2013-04-28,20,1
1579,2013-04-29,20,1
1580,2013-04-30,21,0
1581,2013-05-01,16,0
1582,2013-05-02,16,0
1583,2013-05-03,15,0
1584,2013-05-04,14,0
1585,2013-05-05,14,0
1586,2013-05-06,14,0
1587,2013-05-07,14,0
1588,2013-05-08,14,0
1589,2013-05-09,14,0
1590,2013-05-10,14,0
1591,2013-05-11,13,0
1592,2013-05-12,15,0
1593,2013-05-13,16,0
1594,2013-05-14,16,0
1595,2013-05-15,16,1
1596,2013-05-16,18,1
1597,2013-05-17,14,1
1598,2013-05-18,13,1
1599,2013-05-19,14,1
1600,2013-05-20,14,1
1601,2013-05-21,14,1
1602,2013-05-22,15,1
1603,2013-05-23,14,0
1604,2013-05-24,14,0
1605,2013-05-25,15,1
1606,2013-05-26,16,2
1607,2013-05-27,16,2
1608,2013-05-28,16,2
1609,2013-05-29,16,1
1610,2013-05-30,15,2
1611,2013-05-31,15,2
1612,2013-06-01,15,2
1613,2013-06-02,16,2
1614,2013-06-03,17,2
1615,2013-06-04,16,2
1616,2013-06-05,17,2
1617,2013-06-06,16,3
1618,2013-06-07,16,2
1619,2013-06-08,16,2
1620,2013-06-09,14,1
1621,2013-06-10,13,1
1622,2013-06-11,13,1
1623,2013-06-12,14,2
1624,2013-06-13,14,2
1625,2013-06-14,16,1
1626,2013-06-15,16,1
1627,2013-06-16,16,1
1628,2013-06-17,16,1
1629,2013-06-18,18,1
1630,2013-06-19,17,1
1631,2013-06-20,17,2
1632,2013-06-21,17,1
1633,2013-06-22,15,1
1634,2013-06-23,17,1
1635,2013-06-24,17,1
1636,2013-06-25,17,1
1637,2013-06-26,16,1
1638,2013-06-27,16,1
1639,2013-06-28,15,1
1640,2013-06-29,15,1
1641,2013-06-30,24,1
1642,2013-07-01,20,1
1643,2013-07-02,20,1
1644,2013-07-03,19,1
1645,2013-07-04,18,1
1646,2013-07-05,18,1
1647,2013-07-06,18,1
1648,2013-07-07,19,1
1649,2013-07-08,19,2
1650,2013-07-09,20,2
1651,2013-07-10,22,1
1652,2013-07-11,20,1
1653,2013-07-12,21,1
1654,2013-07-13,22,0
1655,2013-07-14,24,0
1656,2013-07-15,23,0
1657,2013-07-16,21,0
1658,2013-07-17,21,0
1659,2013-07-18,20,0
1660,2013-07-19,19,0
1661,2013-07-20,19,0
1662,2013-07-21,21,0
1663,2013-07-22,21,0
1664,2013-07-23,18,0
1665,2013-07-24,17,0
1666,2013-07-25,20,0
1667,2013-07-26,18,0
1668,2013-07-27,19,1
1669,2013-07-28,21,1
1670,2013-07-29,19,0
1671,2013-07-30,18,0
1672,2013-07-31,20,0
1673,2013-08-01,21,0
1674,2013-08-02,22,1
1675,2013-08-03,22,2
1676,2013-08-04,20,1
1677,2013-08-05,22,2
1678,2013-08-06,22,2
1679,2013-08-07,23,2
1680,2013-08-08,19,2
1681,2013-08-09,20,2
1682,2013-08-10,20,2
1683,2013-08-11,20,2
1684,2013-08-12,23,2
1685,2013-08-13,23,1
1686,2013-08-14,22,1
1687,2013-08-15,23,1
1688,2013-08-16,21,1
1689,2013-08-17,22,1
1690,2013-08-18,19,1
1691,2013-08-19,18,1
1692,2013-08-20,18,1
1693,2013-08-21,18,1
1694,2013-08-22,16,1
1695,2013-08-23,15,1
1696,2013-08-24,15,1
1697,2013-08-25,16,1
1698,2013-08-26,16,1
1699,2013-08-27,15,1
1700,2013-08-28,14,1
1701,2013-08-29,16,1
1702,2013-08-30,16,1
1703,2013-08-31,20,1
1704,2013-09-01,14,1
1705,2013-09-02,15,0
1706,2013-09-03,16,0
1707,2013-09-04,17,0
1708,2013-09-05,15,0
1709,2013-09-06,14,0
1710,2013-09-07,15,0
1711,2013-09-08,14,0
1712,2013-09-09,13,1
1713,2013-09-10,16,1
1714,2013-09-11,16,1
1715,2013-09-12,18,2
1716,2013-09-13,18,2
1717,2013-09-14,18,2
1718,2013-09-15,19,2
1719,2013-09-16,21,1
1720,2013-09-17,21,1
1721,2013-09-18,20,1
1722,2013-09-19,16,1
1723,2013-09-20,16,0
1724,2013-09-21,17,0
1725,2013-09-22,19,0
1726,2013-09-23,16,0
1727,2013-09-24,18,0
1728,2013-09-25,17,0
1729,2013-09-26,15,0
1730,2013-09-27,15,0
1731,2013-09-28,15,0
1732,2013-09-29,14,0
1733,2013-09-30,20,0
1734,2013-10-01,16,0
1735,2013-10-02,16,0
1736,2013-10-03,16,0
1737,2013-10-04,17,0
1738,2013-10-05,19,0
1739,2013-10-06,19,0
1740,2013-10-07,21,0
1741,2013-10-08,20,0
1742,2013-10-09,19,0
1743,2013-10-10,20,0
1744,2013-10-11,19,0
1745,2013-10-12,21,0
1746,2013-10-13,21,0
1747,2013-10-14,23,0
1748,2013-10-15,19,0
1749,2013-10-16,16,0
1750,2013-10-17,15,0
1751,2013-10-18,16,0
1752,2013-10-19,17,0
1753,2013-10-20,17,0
1754,2013-10-21,18,0
1755,2013-10-22,19,0
1756,2013-10-23,18,0
1757,2013-10-24,17,0
1758,2013-10-25,17,0
1759,2013-10-26,17,0
1760,2013-10-27,21,0
1761,2013-10-28,21,0
1762,2013-10-29,15,0
1763,2013-10-30,15,0
1764,2013-10-31,16,1
1765,2013-11-01,13,1
1766,2013-11-02,13,1
1767,2013-11-03,14,1
1768,2013-11-04,14,1
1769,2013-11-05,14,1
1770,2013-11-06,14,1
1771,2013-11-07,15,1
1772,2013-11-08,16,1
1773,2013-11-09,15,1
1774,2013-11-10,15,1
1775,2013-11-11,17,0
1776,2013-11-12,15,0
1777,2013-11-13,15,0
1778,2013-11-14,16,0
1779,2013-11-15,16,0
1780,2013-11-16,17,1
1781,2013-11-17,17,1
1782,2013-11-18,19,1
1783,2013-11-19,19,0
1784,2013-11-20,16,0
1785,2013-11-21,15,0
1786,2013-11-22,17,0
1787,2013-11-23,16,0
1788,2013-11-24,14,1
1789,2013-11-25,14,0
1790,2013-11-26,14,0
1791,2013-11-27,14,0
1792,2013-11-28,15,0
1793,2013-11-29,14,0
1794,2013-11-30,20,0
1795,2013-12-01,18,1
1796,2013-12-02,17,1
1797,2013-12-03,18,1
1798,2013-12-04,20,1
1799,2013-12-05,20,1
1800,2013-12-06,21,1
1801,2013-12-07,25,1
1802,2013-12-08,17,1
1803,2013-12-09,14,1
1804,2013-12-10,14,0
1805,2013-12-11,13,0
1806,2013-12-12,14,0
1807,2013-12-13,13,0
1808,2013-12-14,15,0
1809,2013-12-15,15,0
1810,2013-12-16,14,0
1811,2013-12-17,13,0
1812,2013-12-18,13,0
1813,2013-12-19,13,1
1814,2013-12-20,12,1
1815,2013-12-21,12,2
1816,2013-12-22,12,3
1817,2013-12-23,16,1
1818,2013-12-24,20,1
1819,2013-12-25,18,1
1820,2013-12-26,14,1
1821,2013-12-27,13,1
1822,2013-12-28,14,1
1823,2013-12-29,15,1
1824,2013-12-30,14,1
1825,2013-12-31,22,2
1826,2014-01-01,20,3
1827,2014-01-02,22,3
1828,2014-01-03,20,3
1829,2014-01-04,21,3
1830,2014-01-05,20,4
1831,2014-01-06,22,3
1832,2014-01-07,24,3
1833,2014-01-08,22,3
1834,2014-01-09,21,2
1835,2014-01-10,21,1
1836,2014-01-11,21,1
1837,2014-01-12,21,1
1838,2014-01-13,23,1
1839,2014-01-14,21,1
1840,2014-01-15,21,1
1841,2014-01-16,21,1
1842,2014-01-17,21,1
1843,2014-01-18,23,1
1844,2014-01-19,25,1
1845,2014-01-20,26,1
1846,2014-01-21,24,1
1847,2014-01-22,25,1
1848,2014-01-23,25,1
1849,2014-01-24,27,1
1850,2014-01-25,26,1
1851,2014-01-26,27,2
1852,2014-01-27,27,2
1853,2014-01-28,27,2
1854,2014-01-29,25,2
1855,2014-01-30,24,1
1856,2014-01-31,29,1
1857,2014-02-01,26,1
1858,2014-02-02,23,2
1859,2014-02-03,21,2
1860,2014-02-04,20,2
1861,2014-02-05,20,2
1862,2014-02-06,21,2
1863,2014-02-07,22,1
1864,2014-02-08,19,1
1865,2014-02-09,19,1
1866,2014-02-10,18,1
1867,2014-02-11,17,2
1868,2014-02-12,19,2
1869,2014-02-13,18,2
1870,2014-02-14,22,2
1871,2014-02-15,20,1
1872,2014-02-16,19,1
1873,2014-02-17,19,1
1874,2014-02-18,17,1
1875,2014-02-19,18,1
1876,2014-02-20,18,1
1877,2014-02-21,18,1
1878,2014-02-22,18,1
1879,2014-02-23,18,1
1880,2014-02-24,18,1
1881,2014-02-25,20,1
1882,2014-02-26,19,1
1883,2014-02-27,19,1
1884,2014-02-28,23,2
1885,2014-03-01,19,2
1886,2014-03-02,19,2
1887,2014-03-03,21,2
1888,2014-03-04,20,2
1889,2014-03-05,20,1
1890,2014-03-06,21,1
1891,2014-03-07,21,1
1892,2014-03-08,21,1
1893,2014-03-09,22,1
1894,2014-03-10,24,1
1895,2014-03-11,21,1
1896,2014-03-12,23,1
1897,2014-03-13,20,1
1898,2014-03-14,20,1
1899,2014-03-15,20,1
1900,2014-03-16,21,1
1901,2014-03-17,20,1
1902,2014-03-18,20,1
1903,2014-03-19,19,1
1904,2014-03-20,19,1
1905,2014-03-21,20,1
1906,2014-03-22,20,2
1907,2014-03-23,21,1
1908,2014-03-24,21,1
1909,2014-03-25,21,1
1910,2014-03-26,21,1
1911,2014-03-27,23,1
1912,2014-03-28,23,1
1913,2014-03-29,24,1
1914,2014-03-30,23,1
1915,2014-03-31,25,1
1916,2014-04-01,28,1
1917,2014-04-02,26,1
1918,2014-04-03,26,1
1919,2014-04-04,27,1
1920,2014-04-05,25,1
1921,2014-04-06,25,1
1922,2014-04-07,27,1
1923,2014-04-08,27,1
1924,2014-04-09,25,1
1925,2014-04-10,24,1
1926,2014-04-11,25,1
1927,2014-04-12,25,1
1928,2014-04-13,26,1
1929,2014-04-14,26,1
1930,2014-04-15,26,1
1931,2014-04-16,27,1
1932,2014-04-17,28,1
1933,2014-04-18,30,1
1934,2014-04-19,30,1
1935,2014-04-20,30,1
1936,2014-04-21,28,1
1937,2014-04-22,29,1
1938,2014-04-23,29,1
1939,2014-04-24,31,1
1940,2014-04-25,30,1
1941,2014-04-26,30,1
1942,2014-04-27,31,2
1943,2014-04-28,31,2
1944,2014-04-29,30,2
1945,2014-04-30,30,2
1946,2014-05-01,26,2
1947,2014-05-02,25,1
1948,2014-05-03,24,1
1949,2014-05-04,24,1
1950,2014-05-05,25,1
1951,2014-05-06,24,1
1952,2014-05-07,24,1
1953,2014-05-08,24,1
1954,2014-05-09,24,1
1955,2014-05-10,25,1
1956,2014-05-11,24,2
1957,2014-05-12,25,2
1958,2014-05-13,27,2
1959,2014-05-14,27,2
1960,2014-05-15,28,2
1961,2014-05-16,27,2
1962,2014-05-17,25,2
1963,2014-05-18,25,3
1964,2014-05-19,25,3
1965,2014-05-20,25,3
1966,2014-05-21,22,2
1967,2014-05-22,22,2
1968,2014-05-23,22,2
1969,2014-05-24,25,1
1970,2014-05-25,22,1
1971,2014-05-26,22,1
1972,2014-05-27,22,1
1973,2014-05-28,22,1
1974,2014-05-29,23,1
1975,2014-05-30,27,1
1976,2014-05-31,31,1
1977,2014-06-01,32,1
1978,2014-06-02,33,1
1979,2014-06-03,34,2
1980,2014-06-04,34,2
1981,2014-06-05,34,2
1982,2014-06-06,34,2
1983,2014-06-07,34,1
1984,2014-06-08,35,1
1985,2014-06-09,35,1
1986,2014-06-10,35,1
1987,2014-06-11,30,1
1988,2014-06-12,28,1
1989,2014-06-13,29,1
1990,2014-06-14,31,1
1991,2014-06-15,30,1
1992,2014-06-16,30,1
1993,2014-06-17,31,1
1994,2014-06-18,31,1
1995,2014-06-19,33,1
1996,2014-06-20,33,1
1997,2014-06-21,33,1
1998,2014-06-22,31,1
1999,2014-06-23,31,1
2000,2014-06-24,31,1
2001,2014-06-25,32,1
2002,2014-06-26,32,1
2003,2014-06-27,32,1
2004,2014-06-28,33,1
2005,2014-06-29,30,1
2006,2014-06-30,31,1
2007,2014-07-01,27,1
2008,2014-07-02,26,1
2009,2014-07-03,28,1
2010,2014-07-04,27,1
2011,2014-07-05,27,1
2012,2014-07-06,27,1
2013,2014-07-07,30,1
2014,2014-07-08,28,1
2015,2014-07-09,27,1
2016,2014-07-10,28,1
2017,2014-07-11,26,1
2018,2014-07-12,25,1
2019,2014-07-13,26,1
2020,2014-07-14,27,1
2021,2014-07-15,26,1
2022,2014-07-16,27,1
2023,2014-07-17,27,1
2024,2014-07-18,28,1
2025,2014-07-19,29,1
2026,2014-07-20,28,1
2027,2014-07-21,26,1
2028,2014-07-22,29,1
2029,2014-07-23,27,1
2030,2014-07-24,26,1
2031,2014-07-25,26,1
2032,2014-07-26,26,2
2033,2014-07-27,26,2
2034,2014-07-28,27,1
2035,2014-07-29,27,1
2036,2014-07-30,27,1
2037,2014-07-31,32,1
2038,2014-08-01,29,1
2039,2014-08-02,29,1
2040,2014-08-03,31,1
2041,2014-08-04,30,2
2042,2014-08-05,30,1
2043,2014-08-06,31,1
2044,2014-08-07,27,1
2045,2014-08-08,27,2
2046,2014-08-09,29,2
2047,2014-08-10,30,2
2048,2014-08-11,34,2
2049,2014-08-12,34,2
2050,2014-08-13,33,2
2051,2014-08-14,32,1
2052,2014-08-15,33,1
2053,2014-08-16,34,1
2054,2014-08-17,32,1
2055,2014-08-18,34,1
2056,2014-08-19,32,1
2057,2014-08-20,32,1
2058,2014-08-21,32,1
2059,2014-08-22,33,1
2060,2014-08-23,33,1
2061,2014-08-24,33,2
2062,2014-08-25,33,1
2063,2014-08-26,32,1
2064,2014-08-27,33,1
2065,2014-08-28,32,1
2066,2014-08-29,30,1
2067,2014-08-30,31,1
2068,2014-08-31,34,1
2069,2014-09-01,33,1
2070,2014-09-02,33,1
2071,2014-09-03,31,1
2072,2014-09-04,33,1
2073,2014-09-05,31,1
2074,2014-09-06,30,1
2075,2014-09-07,29,1
2076,2014-09-08,29,1
2077,2014-09-09,26,1
2078,2014-09-10,30,1
2079,2014-09-11,29,1
2080,2014-09-12,28,1
2081,2014-09-13,29,1
2082,2014-09-14,32,1
2083,2014-09-15,32,1
2084,2014-09-16,32,1
2085,2014-09-17,30,1
2086,2014-09-18,30,1
2087,2014-09-19,29,1
2088,2014-09-20,29,1
2089,2014-09-21,30,1
2090,2014-09-22,30,1
2091,2014-09-23,29,1
2092,2014-09-24,30,1
2093,2014-09-25,27,1
2094,2014-09-26,27,1
2095,2014-09-27,28,1
2096,2014-09-28,26,1
2097,2014-09-29,26,1
2098,2014-09-30,29,1
2099,2014-10-01,25,1
2100,2014-10-02,26,1
2101,2014-10-03,25,1
2102,2014-10-04,24,1
2103,2014-10-05,24,1
2104,2014-10-06,26,1
2105,2014-10-07,25,1
2106,2014-10-08,25,1
2107,2014-10-09,25,1
2108,2014-10-10,25,1
2109,2014-10-11,26,1
2110,2014-10-12,24,2
2111,2014-10-13,23,2
2112,2014-10-14,22,2
2113,2014-10-15,24,1
2114,2014-10-16,24,1
2115,2014-10-17,24,1
2116,2014-10-18,22,1
2117,2014-10-19,22,1
2118,2014-10-20,22,1
2119,2014-10-21,21,1
2120,2014-10-22,21,1
2121,2014-10-23,21,1
2122,2014-10-24,24,1
2123,2014-10-25,24,1
2124,2014-10-26,24,1
2125,2014-10-27,24,1
2126,2014-10-28,25,1
2127,2014-10-29,25,1
2128,2014-10-30,24,1
2129,2014-10-31,26,1
2130,2014-11-01,26,1
2131,2014-11-02,26,1
2132,2014-11-03,29,1
2133,2014-11-04,29,1
2134,2014-11-05,28,1
2135,2014-11-06,24,1
2136,2014-11-07,25,1
2137,2014-11-08,25,1
2138,2014-11-09,25,1
2139,2014-11-10,25,1
2140,2014-11-11,25,1
2141,2014-11-12,26,1
2142,2014-11-13,27,1
2143,2014-11-14,27,1
2144,2014-11-15,28,2
2145,2014-11-16,27,2
2146,2014-11-17,24,2
2147,2014-11-18,23,2
2148,2014-11-19,23,2
2149,2014-11-20,23,1
2150,2014-11-21,24,1
2151,2014-11-22,28,1
2152,2014-11-23,27,1
2153,2014-11-24,27,1
2154,2014-11-25,25,1
2155,2014-11-26,25,1
2156,2014-11-27,26,1
2157,2014-11-28,27,1
2158,2014-11-29,27,1
2159,2014-11-30,33,1
2160,2014-12-01,29,0
2161,2014-12-02,31,1
2162,2014-12-03,31,1
2163,2014-12-04,30,1
2164,2014-12-05,30,1
2165,2014-12-06,30,0
2166,2014-12-07,30,0
2167,2014-12-08,30,0
2168,2014-12-09,30,0
2169,2014-12-10,27,1
2170,2014-12-11,27,1
2171,2014-12-12,30,1
2172,2014-12-13,30,1
2173,2014-12-14,30,1
2174,2014-12-15,30,1
2175,2014-12-16,33,1
2176,2014-12-17,35,1
2177,2014-12-18,35,0
2178,2014-12-19,31,0
2179,2014-12-20,31,0
2180,2014-12-21,28,0
2181,2014-12-22,28,0
2182,2014-12-23,27,0
2183,2014-12-24,27,0
2184,2014-12-25,28,0
2185,2014-12-26,29,0
2186,2014-12-27,29,0
2187,2014-12-28,31,0
2188,2014-12-29,31,0
2189,2014-12-30,31,0
2190,2014-12-31,39,1
2191,2015-01-01,37,1
2192,2015-01-02,39,1
2193,2015-01-03,40,1
2194,2015-01-04,39,1
2195,2015-01-05,37,1
2196,2015-01-06,37,2
2197,2015-01-07,39,2
2198,2015-01-08,39,2
2199,2015-01-09,38,2
2200,2015-01-10,38,2
2201,2015-01-11,36,2
2202,2015-01-12,35,1
2203,2015-01-13,35,1
2204,2015-01-14,36,1
2205,2015-01-15,37,1
2206,2015-01-16,38,1
2207,2015-01-17,38,1
2208,2015-01-18,37,1
2209,2015-01-19,38,1
2210,2015-01-20,36,1
2211,2015-01-21,35,1
2212,2015-01-22,34,1
2213,2015-01-23,35,1
2214,2015-01-24,35,1
2215,2015-01-25,35,1
2216,2015-01-26,34,2
2217,2015-01-27,34,2
2218,2015-01-28,34,2
2219,2015-01-29,34,1
2220,2015-01-30,37,1
2221,2015-01-31,41,2
2222,2015-02-01,37,2
2223,2015-02-02,36,2
2224,2015-02-03,32,2
2225,2015-02-04,31,2
2226,2015-02-05,31,1
2227,2015-02-06,31,1
2228,2015-02-07,32,1
2229,2015-02-08,33,1
2230,2015-02-09,32,1
2231,2015-02-10,30,1
2232,2015-02-11,30,1
2233,2015-02-12,30,1
2234,2015-02-13,31,1
2235,2015-02-14,30,1
2236,2015-02-15,32,1
2237,2015-02-16,31,3
2238,2015-02-17,31,3
2239,2015-02-18,30,3
2240,2015-02-19,31,3
2241,2015-02-20,34,3
2242,2015-02-21,34,3
2243,2015-02-22,35,3
2244,2015-02-23,33,1
2245,2015-02-24,34,1
2246,2015-02-25,30,1
2247,2015-02-26,30,1
2248,2015-02-27,31,1
2249,2015-02-28,31,1
2250,2015-03-01,31,1
2251,2015-03-02,31,1
2252,2015-03-03,31,2
2253,2015-03-04,32,2
2254,2015-03-05,30,2
2255,2015-03-06,32,1
2256,2015-03-07,31,1
2257,2015-03-08,31,1
2258,2015-03-09,33,1
2259,2015-03-10,35,1
2260,2015-03-11,35,1
2261,2015-03-12,37,1
2262,2015-03-13,39,1
2263,2015-03-14,37,1
2264,2015-03-15,37,1
2265,2015-03-16,35,1
2266,2015-03-17,35,1
2267,2015-03-18,35,1
2268,2015-03-19,33,1
2269,2015-03-20,34,1
2270,2015-03-21,34,1
2271,2015-03-22,33,1
2272,2015-03-23,36,1
2273,2015-03-24,31,1
2274,2015-03-25,32,2
2275,2015-03-26,32,2
2276,2015-03-27,34,1
2277,2015-03-28,34,1
2278,2015-03-29,34,1
2279,2015-03-30,33,1
2280,2015-03-31,35,1
2281,2015-04-01,31,1
2282,2015-04-02,31,1
2283,2015-04-03,33,1
2284,2015-04-04,38,1
2285,2015-04-05,37,1
2286,2015-04-06,36,1
2287,2015-04-07,34,2
2288,2015-04-08,34,2
2289,2015-04-09,34,2
2290,2015-04-10,32,2
2291,2015-04-11,31,1
2292,2015-04-12,32,1
2293,2015-04-13,31,1
2294,2015-04-14,31,1
2295,2015-04-15,31,1
2296,2015-04-16,29,1
2297,2015-04-17,29,1
2298,2015-04-18,29,1
2299,2015-04-19,30,1
2300,2015-04-20,32,1
2301,2015-04-21,31,1
2302,2015-04-22,29,1
2303,2015-04-23,29,1
2304,2015-04-24,32,2
2305,2015-04-25,34,2
2306,2015-04-26,31,2
2307,2015-04-27,34,2
2308,2015-04-28,33,2
2309,2015-04-29,31,1
2310,2015-04-30,39,1
2311,2015-05-01,36,1
2312,2015-05-02,38,1
2313,2015-05-03,34,2
2314,2015-05-04,32,2
2315,2015-05-05,31,2
2316,2015-05-06,32,3
2317,2015-05-07,33,3
2318,2015-05-08,33,3
2319,2015-05-09,34,3
2320,2015-05-10,33,3
2321,2015-05-11,35,3
2322,2015-05-12,38,3
2323,2015-05-13,36,3
2324,2015-05-14,35,1
2325,2015-05-15,35,1
2326,2015-05-16,35,1
2327,2015-05-17,38,1
2328,2015-05-18,37,1
2329,2015-05-19,37,1
2330,2015-05-20,37,1
2331,2015-05-21,37,1
2332,2015-05-22,33,1
2333,2015-05-23,34,2
2334,2015-05-24,33,3
2335,2015-05-25,34,2
2336,2015-05-26,34,2
2337,2015-05-27,34,2
2338,2015-05-28,36,2
2339,2015-05-29,36,2
2340,2015-05-30,36,2
2341,2015-05-31,38,1
2342,2015-06-01,34,1
2343,2015-06-02,34,1
2344,2015-06-03,33,2
2345,2015-06-04,34,2
2346,2015-06-05,34,2
2347,2015-06-06,33,2
2348,2015-06-07,35,2
2349,2015-06-08,35,2
2350,2015-06-09,35,1
2351,2015-06-10,35,1
2352,2015-06-11,35,1
2353,2015-06-12,33,1
2354,2015-06-13,33,1
2355,2015-06-14,33,1
2356,2015-06-15,33,1
2357,2015-06-16,32,1
2358,2015-06-17,32,1
2359,2015-06-18,32,1
2360,2015-06-19,33,1
2361,2015-06-20,33,1
2362,2015-06-21,33,1
2363,2015-06-22,35,1
2364,2015-06-23,37,1
2365,2015-06-24,37,1
2366,2015-06-25,38,1
2367,2015-06-26,38,1
2368,2015-06-27,39,1
2369,2015-06-28,39,1
2370,2015-06-29,41,1
2371,2015-06-30,40,1
2372,2015-07-01,32,2
2373,2015-07-02,33,2
2374,2015-07-03,32,2
2375,2015-07-04,32,2
2376,2015-07-05,33,2
2377,2015-07-06,31,2
2378,2015-07-07,33,2
2379,2015-07-08,32,2
2380,2015-07-09,34,2
2381,2015-07-10,33,2
2382,2015-07-11,33,1
2383,2015-07-12,36,2
2384,2015-07-13,34,2
2385,2015-07-14,34,2
2386,2015-07-15,38,1
2387,2015-07-16,38,1
2388,2015-07-17,37,1
2389,2015-07-18,37,1
2390,2015-07-19,37,1
2391,2015-07-20,37,1
2392,2015-07-21,37,1
2393,2015-07-22,33,2
2394,2015-07-23,33,2
2395,2015-07-24,34,3
2396,2015-07-25,38,3
2397,2015-07-26,38,3
2398,2015-07-27,38,3
2399,2015-07-28,37,3
2400,2015-07-29,39,3
2401,2015-07-30,39,3
2402,2015-07-31,44,3
2403,2015-08-01,41,3
2404,2015-08-02,42,4
2405,2015-08-03,43,4
2406,2015-08-04,43,4
2407,2015-08-05,45,3
2408,2015-08-06,39,2
2409,2015-08-07,38,2
2410,2015-08-08,40,2
2411,2015-08-09,42,2
2412,2015-08-10,35,2
2413,2015-08-11,35,2
2414,2015-08-12,35,2
2415,2015-08-13,35,3
2416,2015-08-14,36,2
2417,2015-08-15,37,2
2418,2015-08-16,36,2
2419,2015-08-17,37,2
2420,2015-08-18,37,2
2421,2015-08-19,37,2
2422,2015-08-20,31,2
2423,2015-08-21,31,2
2424,2015-08-22,32,2
2425,2015-08-23,30,2
2426,2015-08-24,31,2
2427,2015-08-25,33,2
2428,2015-08-26,31,2
2429,2015-08-27,32,2
2430,2015-08-28,33,2
2431,2015-08-29,32,2
2432,2015-08-30,32,2
2433,2015-08-31,34,2
2434,2015-09-01,32,1
2435,2015-09-02,32,1
2436,2015-09-03,32,1
2437,2015-09-04,32,1
2438,2015-09-05,34,1
2439,2015-09-06,35,1
2440,2015-09-07,36,1
2441,2015-09-08,38,1
2442,2015-09-09,37,2
2443,2015-09-10,37,2
2444,2015-09-11,35,2
2445,2015-09-12,32,2
2446,2015-09-13,32,3
2447,2015-09-14,33,4
2448,2015-09-15,36,2
2449,2015-09-16,40,2
2450,2015-09-17,37,2
2451,2015-09-18,37,2
2452,2015-09-19,37,2
2453,2015-09-20,37,2
2454,2015-09-21,36,1
2455,2015-09-22,39,1
2456,2015-09-23,39,1
2457,2015-09-24,39,1
2458,2015-09-25,37,1
2459,2015-09-26,37,1
2460,2015-09-27,38,1
2461,2015-09-28,41,1
2462,2015-09-29,37,1
2463,2015-09-30,36,1
2464,2015-10-01,32,2
2465,2015-10-02,34,2
2466,2015-10-03,35,2
2467,2015-10-04,35,2
2468,2015-10-05,31,2
2469,2015-10-06,31,2
2470,2015-10-07,31,2
2471,2015-10-08,33,2
2472,2015-10-09,33,2
2473,2015-10-10,32,2
2474,2015-10-11,33,2
2475,2015-10-12,31,2
2476,2015-10-13,32,2
2477,2015-10-14,36,1
2478,2015-10-15,37,1
2479,2015-10-16,38,1
2480,2015-10-17,35,1
2481,2015-10-18,35,1
2482,2015-10-19,35,1
2483,2015-10-20,34,1
2484,2015-10-21,32,1
2485,2015-10-22,33,1
2486,2015-10-23,33,1
2487,2015-10-24,34,1
2488,2015-10-25,35,1
2489,2015-10-26,35,1
2490,2015-10-27,34,1
2491,2015-10-28,34,1
2492,2015-10-29,31,2
2493,2015-10-30,31,2
2494,2015-10-31,34,2
2495,2015-11-01,33,2
2496,2015-11-02,34,2
2497,2015-11-03,35,2
2498,2015-11-04,34,1
2499,2015-11-05,31,1
2500,2015-11-06,31,1
2501,2015-11-07,32,1
2502,2015-11-08,35,1
2503,2015-11-09,34,1
2504,2015-11-10,35,1
2505,2015-11-11,34,1
2506,2015-11-12,35,1
2507,2015-11-13,35,1
2508,2015-11-14,33,1
2509,2015-11-15,34,1
2510,2015-11-16,34,1
2511,2015-11-17,36,1
2512,2015-11-18,35,1
2513,2015-11-19,35,1
2514,2015-11-20,35,1
2515,2015-11-21,36,1
2516,2015-11-22,37,1
2517,2015-11-23,37,1
2518,2015-11-24,36,1
2519,2015-11-25,37,2
2520,2015-11-26,36,2
2521,2015-11-27,36,2
2522,2015-11-28,36,2
2523,2015-11-29,35,2
2524,2015-11-30,42,2
2525,2015-12-01,36,1
2526,2015-12-02,36,1
2527,2015-12-03,37,1
2528,2015-12-04,37,1
2529,2015-12-05,35,0
2530,2015-12-06,36,0
2531,2015-12-07,35,0
2532,2015-12-08,34,0
2533,2015-12-09,34,0
2534,2015-12-10,34,0
2535,2015-12-11,35,0
2536,2015-12-12,35,0
2537,2015-12-13,34,0
2538,2015-12-14,35,0
2539,2015-12-15,35,1
2540,2015-12-16,34,1
2541,2015-12-17,34,1
2542,2015-12-18,33,1
2543,2015-12-19,34,1
2544,2015-12-20,37,1
2545,2015-12-21,37,1
2546,2015-12-22,37,1
2547,2015-12-23,37,1
2548,2015-12-24,37,1
2549,2015-12-25,39,1
2550,2015-12-26,38,2
2551,2015-12-27,34,2
2552,2015-12-28,34,2
2553,2015-12-29,34,2
2554,2015-12-30,33,2
2555,2015-12-31,41,1
2556,2016-01-01,47,1
2557,2016-01-02,49,1
2558,2016-01-03,50,1
2559,2016-01-04,48,2
2560,2016-01-05,49,2
2561,2016-01-06,49,2
2562,2016-01-07,48,1
2563,2016-01-08,48,1
2564,2016-01-09,49,0
2565,2016-01-10,49,0
2566,2016-01-11,47,0
2567,2016-01-12,46,0
2568,2016-01-13,45,0
2569,2016-01-14,45,0
2570,2016-01-15,44,0
2571,2016-01-16,44,0
2572,2016-01-17,44,0
2573,2016-01-18,44,0
2574,2016-01-19,43,0
2575,2016-01-20,48,0
2576,2016-01-21,48,0
2577,2016-01-22,48,0
2578,2016-01-23,48,1
2579,2016-01-24,49,1
2580,2016-01-25,49,1
2581,2016-01-26,49,1
2582,2016-01-27,43,0
2583,2016-01-28,42,0
2584,2016-01-29,42,0
2585,2016-01-30,40,0
2586,2016-01-31,43,0
2587,2016-02-01,41,0
2588,2016-02-02,40,0
2589,2016-02-03,42,0
2590,2016-02-04,41,0
2591,2016-02-05,41,0
2592,2016-02-06,42,0
2593,2016-02-07,41,0
2594,2016-02-08,41,0
2595,2016-02-09,41,0
2596,2016-02-10,42,0
2597,2016-02-11,41,0
2598,2016-02-12,41,0
2599,2016-02-13,40,0
2600,2016-02-14,40,0
2601,2016-02-15,40,0
2602,2016-02-16,39,0
2603,2016-02-17,39,0
2604,2016-02-18,39,0
2605,2016-02-19,42,0
2606,2016-02-20,43,0
2607,2016-02-21,43,0
2608,2016-02-22,42,1
2609,2016-02-23,42,1
2610,2016-02-24,42,1
2611,2016-02-25,40,1
2612,2016-02-26,39,0
2613,2016-02-27,40,0
2614,2016-02-28,41,0
2615,2016-02-29,42,0
2616,2016-03-01,40,0
2617,2016-03-02,39,0
2618,2016-03-03,40,0
2619,2016-03-04,39,1
2620,2016-03-05,39,1
2621,2016-03-06,40,1
2622,2016-03-07,40,1
2623,2016-03-08,40,2
2624,2016-03-09,40,2
2625,2016-03-10,42,2
2626,2016-03-11,40,2
2627,2016-03-12,39,2
2628,2016-03-13,39,1
2629,2016-03-14,38,0
2630,2016-03-15,38,0
2631,2016-03-16,38,0
2632,2016-03-17,38,1
2633,2016-03-18,38,1
2634,2016-03-19,39,0
2635,2016-03-20,39,0
2636,2016-03-21,39,0
2637,2016-03-22,39,1
2638,2016-03-23,39,1
2639,2016-03-24,39,1
2640,2016-03-25,38,1
2641,2016-03-26,38,0
2642,2016-03-27,38,0
2643,2016-03-28,38,0
2644,2016-03-29,38,0
2645,2016-03-30,38,0
2646,2016-03-31,38,0
2647,2016-04-01,35,0
2648,2016-04-02,38,0
2649,2016-04-03,38,0
2650,2016-04-04,40,0
2651,2016-04-05,40,0
2652,2016-04-06,42,0
2653,2016-04-07,43,0
2654,2016-04-08,43,0
2655,2016-04-09,41,0
2656,2016-04-10,42,1
2657,2016-04-11,40,1
2658,2016-04-12,39,1
2659,2016-04-13,41,1
2660,2016-04-14,42,1
2661,2016-04-15,41,1
2662,2016-04-16,43,1
2663,2016-04-17,41,1
2664,2016-04-18,40,1
2665,2016-04-19,38,1
2666,2016-04-20,39,0
2667,2016-04-21,40,0
2668,2016-04-22,42,0
2669,2016-04-23,41,0
2670,2016-04-24,41,1
2671,2016-04-25,39,2
2672,2016-04-26,38,2
2673,2016-04-27,38,2
2674,2016-04-28,37,2
2675,2016-04-29,38,2
2676,2016-04-30,39,3
2677,2016-05-01,35,3
2678,2016-05-02,36,3
2679,2016-05-03,32,3
2680,2016-05-04,32,3
2681,2016-05-05,32,2
2682,2016-05-06,32,2
2683,2016-05-07,35,2
2684,2016-05-08,35,3
2685,2016-05-09,35,3
2686,2016-05-10,36,3
2687,2016-05-11,35,3
2688,2016-05-12,32,2
2689,2016-05-13,31,2
2690,2016-05-14,32,2
2691,2016-05-15,33,2
2692,2016-05-16,30,2
2693,2016-05-17,30,2
2694,2016-05-18,33,2
2695,2016-05-19,31,2
2696,2016-05-20,31,2
2697,2016-05-21,31,3
2698,2016-05-22,31,3
2699,2016-05-23,31,3
2700,2016-05-24,29,3
2701,2016-05-25,29,3
2702,2016-05-26,30,3
2703,2016-05-27,30,4
2704,2016-05-28,31,4
2705,2016-05-29,30,3
2706,2016-05-30,29,3
2707,2016-05-31,34,3
2708,2016-06-01,37,3
2709,2016-06-02,39,3
2710,2016-06-03,37,2
2711,2016-06-04,39,2
2712,2016-06-05,39,2
2713,2016-06-06,37,2
2714,2016-06-07,37,2
2715,2016-06-08,36,2
2716,2016-06-09,35,2
2717,2016-06-10,36,2
2718,2016-06-11,35,2
2719,2016-06-12,36,2
2720,2016-06-13,35,2
2721,2016-06-14,35,3
2722,2016-06-15,34,3
2723,2016-06-16,35,3
2724,2016-06-17,35,3
2725,2016-06-18,36,3
2726,2016-06-19,36,3
2727,2016-06-20,39,3
2728,2016-06-21,41,3
2729,2016-06-22,38,3
2730,2016-06-23,41,3
2731,2016-06-24,40,3
2732,2016-06-25,36,3
2733,2016-06-26,36,3
2734,2016-06-27,36,2
2735,2016-06-28,37,2
2736,2016-06-29,39,2
2737,2016-06-30,42,2
2738,2016-07-01,44,2
2739,2016-07-02,41,2
2740,2016-07-03,42,2
2741,2016-07-04,42,2
2742,2016-07-05,43,1
2743,2016-07-06,42,1
2744,2016-07-07,42,1
2745,2016-07-08,42,1
2746,2016-07-09,44,1
2747,2016-07-10,42,1
2748,2016-07-11,44,1
2749,2016-07-12,44,1
2750,2016-07-13,42,1
2751,2016-07-14,41,1
2752,2016-07-15,42,1
2753,2016-07-16,42,1
2754,2016-07-17,42,1
2755,2016-07-18,44,1
2756,2016-07-19,46,1
2757,2016-07-20,42,1
2758,2016-07-21,42,1
2759,2016-07-22,43,1
2760,2016-07-23,43,1
2761,2016-07-24,42,2
2762,2016-07-25,43,2
2763,2016-07-26,42,2
2764,2016-07-27,42,2
2765,2016-07-28,43,2
2766,2016-07-29,43,2
2767,2016-07-30,43,2
2768,2016-07-31,42,2
2769,2016-08-01,41,2
2770,2016-08-02,42,1
2771,2016-08-03,40,1
2772,2016-08-04,40,1
2773,2016-08-05,41,1
2774,2016-08-06,47,1
2775,2016-08-07,45,1
2776,2016-08-08,43,1
2777,2016-08-09,41,2
2778,2016-08-10,41,2
2779,2016-08-11,41,2
2780,2016-08-12,42,2
2781,2016-08-13,42,3
2782,2016-08-14,43,3
2783,2016-08-15,44,3
2784,2016-08-16,43,3
2785,2016-08-17,41,1
2786,2016-08-18,44,1
2787,2016-08-19,44,1
2788,2016-08-20,43,1
2789,2016-08-21,42,1
2790,2016-08-22,43,1
2791,2016-08-23,39,1
2792,2016-08-24,41,1
2793,2016-08-25,39,1
2794,2016-08-26,39,1
2795,2016-08-27,40,1
2796,2016-08-28,40,1
2797,2016-08-29,40,1
2798,2016-08-30,40,1
2799,2016-08-31,40,1
2800,2016-09-01,41,2
2801,2016-09-02,41,2
2802,2016-09-03,41,2
2803,2016-09-04,41,2
2804,2016-09-05,41,2
2805,2016-09-06,43,2
2806,2016-09-07,41,1
2807,2016-09-08,38,1
2808,2016-09-09,35,1
2809,2016-09-10,38,1
2810,2016-09-11,37,1
2811,2016-09-12,36,1
2812,2016-09-13,34,1
2813,2016-09-14,35,1
2814,2016-09-15,35,1
2815,2016-09-16,35,1
2816,2016-09-17,34,1
2817,2016-09-18,35,1
2818,2016-09-19,36,2
2819,2016-09-20,37,2
2820,2016-09-21,35,2
2821,2016-09-22,35,2
2822,2016-09-23,31,2
2823,2016-09-24,31,1
2824,2016-09-25,31,1
2825,2016-09-26,31,1
2826,2016-09-27,33,1
2827,2016-09-28,40,1
2828,2016-09-29,37,1
2829,2016-09-30,38,1
2830,2016-10-01,35,1
2831,2016-10-02,35,1
2832,2016-10-03,36,1
2833,2016-10-04,35,1
2834,2016-10-05,36,1
2835,2016-10-06,37,1
2836,2016-10-07,36,1
2837,2016-10-08,35,2
2838,2016-10-09,37,2
2839,2016-10-10,37,2
2840,2016-10-11,36,2
2841,2016-10-12,37,2
2842,2016-10-13,37,1
2843,2016-10-14,37,1
2844,2016-10-15,37,1
2845,2016-10-16,38,1
2846,2016-10-17,34,1
2847,2016-10-18,36,1
2848,2016-10-19,38,1
2849,2016-10-20,36,1
2850,2016-10-21,36,1
2851,2016-10-22,33,1
2852,2016-10-23,33,1
2853,2016-10-24,34,1
2854,2016-10-25,33,1
2855,2016-10-26,34,1
2856,2016-10-27,34,1
2857,2016-10-28,34,1
2858,2016-10-29,34,1
2859,2016-10-30,35,1
2860,2016-10-31,35,2
2861,2016-11-01,30,2
2862,2016-11-02,30,2
2863,2016-11-03,31,2
2864,2016-11-04,31,2
2865,2016-11-05,32,2
2866,2016-11-06,31,2
2867,2016-11-07,34,3
2868,2016-11-08,33,2
2869,2016-11-09,35,2
2870,2016-11-10,33,2
2871,2016-11-11,28,2
2872,2016-11-12,28,2
2873,2016-11-13,29,2
2874,2016-11-14,30,2
2875,2016-11-15,29,2
2876,2016-11-16,28,2
2877,2016-11-17,29,2
2878,2016-11-18,29,2
2879,2016-11-19,29,2
2880,2016-11-20,29,2
2881,2016-11-21,30,2
2882,2016-11-22,29,2
2883,2016-11-23,31,2
2884,2016-11-24,31,2
2885,2016-11-25,32,2
2886,2016-11-26,31,3
2887,2016-11-27,30,3
2888,2016-11-28,32,3
2889,2016-11-29,33,3
2890,2016-11-30,34,3
2891,2016-12-01,31,3
2892,2016-12-02,30,2
2893,2016-12-03,30,2
2894,2016-12-04,31,2
2895,2016-12-05,31,2
2896,2016-12-06,28,2
2897,2016-12-07,29,2
2898,2016-12-08,28,2
2899,2016-12-09,27,2
2900,2016-12-10,27,2
2901,2016-12-11,26,2
2902,2016-12-12,28,2
2903,2016-12-13,28,3
2904,2016-12-14,28,3
2905,2016-12-15,26,3
2906,2016-12-16,26,3
2907,2016-12-17,27,3
2908,2016-12-18,28,3
2909,2016-12-19,28,3
2910,2016-12-20,27,2
2911,2016-12-21,27,2
2912,2016-12-22,27,2
2913,2016-12-23,28,2
2914,2016-12-24,28,2
2915,2016-12-25,30,2
2916,2016-12-26,31,2
2917,2016-12-27,29,2
2918,2016-12-28,29,2
2919,2016-12-29,28,2
2920,2016-12-30,28,2
2921,2016-12-31,36,2
2922,2017-01-01,35,1
2923,2017-01-02,35,1
2924,2017-01-03,35,1
2925,2017-01-04,35,1
2926,2017-01-05,36,1
2927,2017-01-06,36,2
2928,2017-01-07,37,2
2929,2017-01-08,37,2
2930,2017-01-09,37,2
2931,2017-01-10,38,2
2932,2017-01-11,36,2
2933,2017-01-12,35,2
2934,2017-01-13,35,2
2935,2017-01-14,35,1
2936,2017-01-15,37,1
2937,2017-01-16,39,1
2938,2017-01-17,40,1
2939,2017-01-18,41,2
2940,2017-01-19,41,2
2941,2017-01-20,45,2
2942,2017-01-21,37,2
2943,2017-01-22,36,2
2944,2017-01-23,36,2
2945,2017-01-24,35,1
2946,2017-01-25,36,1
2947,2017-01-26,35,1
2948,2017-01-27,35,1
2949,2017-01-28,35,1
2950,2017-01-29,34,1
2951,2017-01-30,34,1
2952,2017-01-31,35,1
2953,2017-02-01,32,1
2954,2017-02-02,31,1
2955,2017-02-03,31,1
2956,2017-02-04,32,1
2957,2017-02-05,33,1
2958,2017-02-06,31,1
2959,2017-02-07,31,1
2960,2017-02-08,27,2
2961,2017-02-09,29,2
2962,2017-02-10,30,2
2963,2017-02-11,29,2
2964,2017-02-12,29,2
2965,2017-02-13,28,2
2966,2017-02-14,27,2
2967,2017-02-15,28,2
2968,2017-02-16,27,2
2969,2017-02-17,28,2
2970,2017-02-18,29,2
2971,2017-02-19,29,2
2972,2017-02-20,28,2
2973,2017-02-21,29,2
2974,2017-02-22,28,2
2975,2017-02-23,29,1
2976,2017-02-24,29,1
2977,2017-02-25,29,1
2978,2017-02-26,29,1
2979,2017-02-27,29,2
2980,2017-02-28,29,2
2981,2017-03-01,26,3
2982,2017-03-02,25,3
2983,2017-03-03,26,2
2984,2017-03-04,23,2
2985,2017-03-05,23,2
2986,2017-03-06,25,3
2987,2017-03-07,26,3
2988,2017-03-08,25,3
2989,2017-03-09,25,3
2990,2017-03-10,24,2
2991,2017-03-11,23,2
2992,2017-03-12,23,2
2993,2017-03-13,23,3
2994,2017-03-14,23,3
2995,2017-03-15,24,3
2996,2017-03-16,25,2
2997,2017-03-17,25,2
2998,2017-03-18,25,2
2999,2017-03-19,26,2
3000,2017-03-20,23,2
3001,2017-03-21,24,2
3002,2017-03-22,24,2
3003,2017-03-23,23,2
3004,2017-03-24,23,2
3005,2017-03-25,24,3
3006,2017-03-26,24,3
3007,2017-03-27,25,3
3008,2017-03-28,25,3
3009,2017-03-29,25,2
3010,2017-03-30,25,2
3011,2017-03-31,29,2
3012,2017-04-01,29,2
3013,2017-04-02,25,2
3014,2017-04-03,25,2
3015,2017-04-04,24,2
3016,2017-04-05,26,2
3017,2017-04-06,26,2
3018,2017-04-07,25,2
3019,2017-04-08,25,2
3020,2017-04-09,23,2
3021,2017-04-10,23,2
3022,2017-04-11,23,2
3023,2017-04-12,24,2
3024,2017-04-13,24,2
3025,2017-04-14,25,2
3026,2017-04-15,28,2
3027,2017-04-16,26,2
3028,2017-04-17,26,2
3029,2017-04-18,25,2
3030,2017-04-19,26,2
3031,2017-04-20,29,2
3032,2017-04-21,29,2
3033,2017-04-22,27,2
3034,2017-04-23,26,2
3035,2017-04-24,23,2
3036,2017-04-25,23,2
3037,2017-04-26,24,2
3038,2017-04-27,25,2
3039,2017-04-28,25,3
3040,2017-04-29,27,2
3041,2017-04-30,27,2
3042,2017-05-01,22,2
3043,2017-05-02,21,1
3044,2017-05-03,23,1
3045,2017-05-04,21,1
3046,2017-05-05,21,2
3047,2017-05-06,21,2
3048,2017-05-07,22,2
3049,2017-05-08,24,2
3050,2017-05-09,24,3
3051,2017-05-10,25,3
3052,2017-05-11,27,3
3053,2017-05-12,27,2
3054,2017-05-13,27,2
3055,2017-05-14,27,2
3056,2017-05-15,27,2
3057,2017-05-16,25,2
3058,2017-05-17,24,2
3059,2017-05-18,24,2
3060,2017-05-19,24,2
3061,2017-05-20,24,2
3062,2017-05-21,24,1
3063,2017-05-22,24,1
3064,2017-05-23,24,1
3065,2017-05-24,23,1
3066,2017-05-25,23,1
3067,2017-05-26,23,1
3068,2017-05-27,23,1
3069,2017-05-28,24,1
3070,2017-05-29,26,1
3071,2017-05-30,27,1
3072,2017-05-31,29,1
3073,2017-06-01,28,2
3074,2017-06-02,28,2
3075,2017-06-03,28,2
3076,2017-06-04,26,2
3077,2017-06-05,26,2
3078,2017-06-06,24,2
3079,2017-06-07,26,2
3080,2017-06-08,27,2
3081,2017-06-09,26,3
3082,2017-06-10,29,3
3083,2017-06-11,27,3
3084,2017-06-12,27,3
3085,2017-06-13,27,2
3086,2017-06-14,26,2
3087,2017-06-15,24,2
3088,2017-06-16,23,2
3089,2017-06-17,24,2
3090,2017-06-18,23,2
3091,2017-06-19,23,2
3092,2017-06-20,23,2
3093,2017-06-21,23,2
3094,2017-06-22,21,2
3095,2017-06-23,22,2
3096,2017-06-24,21,2
3097,2017-06-25,22,3
3098,2017-06-26,24,3
3099,2017-06-27,24,3
3100,2017-06-28,24,3
3101,2017-06-29,24,3
3102,2017-06-30,29,2
3103,2017-07-01,26,2
3104,2017-07-02,26,2
3105,2017-07-03,25,2
3106,2017-07-04,25,2
3107,2017-07-05,25,2
3108,2017-07-06,26,3
3109,2017-07-07,26,4
3110,2017-07-08,27,4
3111,2017-07-09,27,4
3112,2017-07-10,25,4
3113,2017-07-11,25,3
3114,2017-07-12,21,3
3115,2017-07-13,22,3
3116,2017-07-14,23,3
3117,2017-07-15,23,4
3118,2017-07-16,26,3
3119,2017-07-17,31,3
3120,2017-07-18,27,3
3121,2017-07-19,24,3
3122,2017-07-20,22,3
3123,2017-07-21,24,3
3124,2017-07-22,20,3
3125,2017-07-23,20,3
3126,2017-07-24,21,3
3127,2017-07-25,21,3
3128,2017-07-26,19,3
3129,2017-07-27,20,3
3130,2017-07-28,17,3
3131,2017-07-29,19,3
3132,2017-07-30,19,3
3133,2017-07-31,21,3
3134,2017-08-01,17,3
3135,2017-08-02,17,3
3136,2017-08-03,18,3
3137,2017-08-04,16,3
3138,2017-08-05,19,4
3139,2017-08-06,19,4
3140,2017-08-07,20,4
3141,2017-08-08,18,4
3142,2017-08-09,17,3
3143,2017-08-10,21,3
3144,2017-08-11,23,3
3145,2017-08-12,20,3
3146,2017-08-13,21,3
3147,2017-08-14,23,3
3148,2017-08-15,23,3
3149,2017-08-16,24,3
3150,2017-08-17,22,3
3151,2017-08-18,23,3
3152,2017-08-19,25,3
3153,2017-08-20,23,3
3154,2017-08-21,23,3
3155,2017-08-22,23,3
3156,2017-08-23,26,3
3157,2017-08-24,27,3
3158,2017-08-25,24,4
3159,2017-08-26,25,4
3160,2017-08-27,27,4
3161,2017-08-28,25,5
3162,2017-08-29,26,5
3163,2017-08-30,25,3
3164,2017-08-31,25,3
3165,2017-09-01,21,3
3166,2017-09-02,21,3
3167,2017-09-03,20,3
3168,2017-09-04,22,3
3169,2017-09-05,21,3
3170,2017-09-06,26,3
3171,2017-09-07,25,3
3172,2017-09-08,32,3
3173,2017-09-09,29,3
3174,2017-09-10,22,4
3175,2017-09-11,22,4
3176,2017-09-12,20,4
3177,2017-09-13,20,4
3178,2017-09-14,20,4
3179,2017-09-15,20,4
3180,2017-09-16,19,3
3181,2017-09-17,23,3
3182,2017-09-18,23,3
3183,2017-09-19,22,3
3184,2017-09-20,24,3
3185,2017-09-21,20,3
3186,2017-09-22,20,3
3187,2017-09-23,21,3
3188,2017-09-24,22,3
3189,2017-09-25,21,3
3190,2017-09-26,22,4
3191,2017-09-27,22,4
3192,2017-09-28,22,3
3193,2017-09-29,22,2
3194,2017-09-30,22,2
3195,2017-10-01,23,2
3196,2017-10-02,23,2
3197,2017-10-03,22,2
3198,2017-10-04,23,2
3199,2017-10-05,26,2
3200,2017-10-06,26,2
3201,2017-10-07,21,3
3202,2017-10-08,20,3
3203,2017-10-09,21,2
3204,2017-10-10,21,2
3205,2017-10-11,19,2
3206,2017-10-12,18,2
3207,2017-10-13,18,2
3208,2017-10-14,18,2
3209,2017-10-15,19,2
3210,2017-10-16,19,2
3211,2017-10-17,18,2
3212,2017-10-18,18,2
3213,2017-10-19,18,2
3214,2017-10-20,18,2
3215,2017-10-21,17,2
3216,2017-10-22,19,2
3217,2017-10-23,19,2
3218,2017-10-24,19,2
3219,2017-10-25,19,2
3220,2017-10-26,19,2
3221,2017-10-27,19,2
3222,2017-10-28,18,2
3223,2017-10-29,19,2
3224,2017-10-30,19,2
3225,2017-10-31,20,2
3226,2017-11-01,20,2
3227,2017-11-02,20,2
3228,2017-11-03,24,2
3229,2017-11-04,24,2
3230,2017-11-05,23,3
3231,2017-11-06,22,3
3232,2017-11-07,22,2
3233,2017-11-08,22,2
3234,2017-11-09,20,2
3235,2017-11-10,19,2
3236,2017-11-11,19,2
3237,2017-11-12,20,2
3238,2017-11-13,18,2
3239,2017-11-14,18,2
3240,2017-11-15,19,2
3241,2017-11-16,18,2
3242,2017-11-17,18,2
3243,2017-11-18,18,2
3244,2017-11-19,18,2
3245,2017-11-20,18,2
3246,2017-11-21,18,2
3247,2017-11-22,20,2
3248,2017-11-23,19,2
3249,2017-11-24,19,2
3250,2017-11-25,20,2
3251,2017-11-26,20,2
3252,2017-11-27,18,2
3253,2017-11-28,19,2
3254,2017-11-29,19,2
3255,2017-11-30,18,2
3256,2017-12-01,17,2
3257,2017-12-02,17,2
3258,2017-12-03,16,2
3259,2017-12-04,14,3
3260,2017-12-05,13,3
3261,2017-12-06,13,3
3262,2017-12-07,13,3
3263,2017-12-08,13,3
3264,2017-12-09,13,3
3265,2017-12-10,13,3
3266,2017-12-11,14,3
3267,2017-12-12,14,3
3268,2017-12-13,12,3
3269,2017-12-14,12,3
3270,2017-12-15,14,3
3271,2017-12-16,16,3
3272,2017-12-17,16,3
3273,2017-12-18,16,3
3274,2017-12-19,14,3
3275,2017-12-20,15,3
3276,2017-12-21,14,3
3277,2017-12-22,13,3
3278,2017-12-23,13,3
3279,2017-12-24,13,3
3280,2017-12-25,13,3
3281,2017-12-26,13,3
3282,2017-12-27,12,3
3283,2017-12-28,12,3
3284,2017-12-29,12,3
3285,2017-12-30,12,3
3286,2017-12-31,17,5
3287,2018-01-01,23,2
3288,2018-01-02,26,2
3289,2018-01-03,30,3
3290,2018-01-04,27,3
3291,2018-01-05,27,3
3292,2018-01-06,25,1
3293,2018-01-07,24,1
3294,2018-01-08,21,2
3295,2018-01-09,20,2
3296,2018-01-10,19,2
3297,2018-01-11,18,2
3298,2018-01-12,18,2
3299,2018-01-13,21,2
3300,2018-01-14,24,2
3301,2018-01-15,23,1
3302,2018-01-16,24,1
3303,2018-01-17,28,1
3304,2018-01-18,28,1
3305,2018-01-19,24,1
3306,2018-01-20,25,1
3307,2018-01-21,23,2
3308,2018-01-22,22,2
3309,2018-01-23,21,2
3310,2018-01-24,21,2
3311,2018-01-25,20,1
3312,2018-01-26,20,1
3313,2018-01-27,20,1
3314,2018-01-28,20,1
3315,2018-01-29,20,1
3316,2018-01-30,18,1
3317,2018-01-31,19,1
3318,2018-02-01,20,1
3319,2018-02-02,20,1
3320,2018-02-03,21,1
3321,2018-02-04,20,1
3322,2018-02-05,20,1
3323,2018-02-06,21,1
3324,2018-02-07,20,1
3325,2018-02-08,19,1
3326,2018-02-09,19,1
3327,2018-02-10,20,1
3328,2018-02-11,20,1
3329,2018-02-12,21,1
3330,2018-02-13,19,1
3331,2018-02-14,18,1
3332,2018-02-15,18,1
3333,2018-02-16,19,1
3334,2018-02-17,15,1
3335,2018-02-18,16,1
3336,2018-02-19,16,1
3337,2018-02-20,15,1
3338,2018-02-21,16,1
3339,2018-02-22,17,1
3340,2018-02-23,23,1
3341,2018-02-24,22,1
3342,2018-02-25,22,1
3343,2018-02-26,23,1
3344,2018-02-27,22,1
3345,2018-02-28,23,1
3346,2018-03-01,13,2
3347,2018-03-02,13,2
3348,2018-03-03,15,2
3349,2018-03-04,13,1
3350,2018-03-05,16,1
3351,2018-03-06,14,1
3352,2018-03-07,13,1
3353,2018-03-08,11,1
3354,2018-03-09,13,1
3355,2018-03-10,13,1
3356,2018-03-11,12,1
3357,2018-03-12,12,1
3358,2018-03-13,12,1
3359,2018-03-14,16,1
3360,2018-03-15,15,1
3361,2018-03-16,15,1
3362,2018-03-17,14,1
3363,2018-03-18,15,1
3364,2018-03-19,15,1
3365,2018-03-20,16,1
3366,2018-03-21,14,1
3367,2018-03-22,14,1
3368,2018-03-23,13,1
3369,2018-03-24,13,1
3370,2018-03-25,14,1
3371,2018-03-26,14,1
3372,2018-03-27,13,1
3373,2018-03-28,13,1
3374,2018-03-29,13,1
3375,2018-03-30,13,1
3376,2018-03-31,15,1
3377,2018-04-01,17,1
3378,2018-04-02,18,1
3379,2018-04-03,17,1
3380,2018-04-04,17,1
3381,2018-04-05,17,1
3382,2018-04-06,17,1
3383,2018-04-07,17,1
3384,2018-04-08,17,1
3385,2018-04-09,18,1
3386,2018-04-10,18,1
3387,2018-04-11,20,1
3388,2018-04-12,18,1
3389,2018-04-13,18,2
3390,2018-04-14,19,3
3391,2018-04-15,20,3
3392,2018-04-16,20,1
3393,2018-04-17,19,1
3394,2018-04-18,16,1
3395,2018-04-19,15,1
3396,2018-04-20,14,1
3397,2018-04-21,14,1
3398,2018-04-22,14,1
3399,2018-04-23,15,1
3400,2018-04-24,17,1
3401,2018-04-25,16,1
3402,2018-04-26,16,1
3403,2018-04-27,16,1
3404,2018-04-28,17,1
3405,2018-04-29,17,1
3406,2018-04-30,17,1
3407,2018-05-01,16,1
3408,2018-05-02,15,1
3409,2018-05-03,15,2
3410,2018-05-04,17,2
3411,2018-05-05,17,2
3412,2018-05-06,20,2
3413,2018-05-07,23,2
3414,2018-05-08,24,2
3415,2018-05-09,26,2
3416,2018-05-10,24,3
3417,2018-05-11,22,3
3418,2018-05-12,22,3
3419,2018-05-13,23,4
3420,2018-05-14,23,4
3421,2018-05-15,22,3
3422,2018-05-16,21,2
3423,2018-05-17,20,2
3424,2018-05-18,23,2
3425,2018-05-19,24,2
3426,2018-05-20,27,2
3427,2018-05-21,27,2
3428,2018-05-22,24,2
3429,2018-05-23,22,2
3430,2018-05-24,20,2
3431,2018-05-25,20,2
3432,2018-05-26,20,2
3433,2018-05-27,18,3
3434,2018-05-28,20,3
3435,2018-05-29,20,3
3436,2018-05-30,21,3
3437,2018-05-31,27,1
3438,2018-06-01,23,2
3439,2018-06-02,23,2
3440,2018-06-03,23,2
3441,2018-06-04,22,2
3442,2018-06-05,24,2
3443,2018-06-06,25,2
3444,2018-06-07,24,2
3445,2018-06-08,25,2
3446,2018-06-09,25,2
3447,2018-06-10,25,2
3448,2018-06-11,26,2
3449,2018-06-12,25,2
3450,2018-06-13,24,2
3451,2018-06-14,24,2
3452,2018-06-15,22,2
3453,2018-06-16,22,2
3454,2018-06-17,22,2
3455,2018-06-18,25,2
3456,2018-06-19,24,2
3457,2018-06-20,22,2
3458,2018-06-21,22,2
3459,2018-06-22,23,2
3460,2018-06-23,24,2
3461,2018-06-24,24,2
3462,2018-06-25,25,2
3463,2018-06-26,25,2
3464,2018-06-27,26,2
3465,2018-06-28,26,2
3466,2018-06-29,28,3
3467,2018-06-30,34,4
3468,2018-07-01,27,4
3469,2018-07-02,27,4
3470,2018-07-03,26,4
3471,2018-07-04,25,4
3472,2018-07-05,27,4
3473,2018-07-06,24,3
3474,2018-07-07,25,3
3475,2018-07-08,26,3
3476,2018-07-09,27,3
3477,2018-07-10,29,3
3478,2018-07-11,30,3
3479,2018-07-12,24,3
3480,2018-07-13,24,3
3481,2018-07-14,24,3
3482,2018-07-15,26,3
3483,2018-07-16,24,3
3484,2018-07-17,24,3
3485,2018-07-18,27,3
3486,2018-07-19,28,4
3487,2018-07-20,27,4
3488,2018-07-21,27,4
3489,2018-07-22,29,4
3490,2018-07-23,29,3
3491,2018-07-24,26,3
3492,2018-07-25,25,3
3493,2018-07-26,25,3
3494,2018-07-27,25,4
3495,2018-07-28,25,4
3496,2018-07-29,25,4
3497,2018-07-30,24,4
3498,2018-07-31,26,4
3499,2018-08-01,23,3
3500,2018-08-02,24,3
3501,2018-08-03,25,3
3502,2018-08-04,23,3
3503,2018-08-05,24,3
3504,2018-08-06,24,4
3505,2018-08-07,26,4
3506,2018-08-08,26,3
3507,2018-08-09,25,3
3508,2018-08-10,24,3
3509,2018-08-11,22,3
3510,2018-08-12,23,3
3511,2018-08-13,24,3
3512,2018-08-14,23,3
3513,2018-08-15,25,3
3514,2018-08-16,24,3
3515,2018-08-17,25,3
3516,2018-08-18,24,3
3517,2018-08-19,24,3
3518,2018-08-20,21,3
3519,2018-08-21,21,3
3520,2018-08-22,21,3
3521,2018-08-23,23,3
3522,2018-08-24,24,3
3523,2018-08-25,22,3
3524,2018-08-26,23,3
3525,2018-08-27,21,3
3526,2018-08-28,21,3
3527,2018-08-29,24,3
3528,2018-08-30,24,3
3529,2018-08-31,26,3
3530,2018-09-01,25,2
3531,2018-09-02,25,2
3532,2018-09-03,25,3
3533,2018-09-04,27,3
3534,2018-09-05,25,3
3535,2018-09-06,23,3
3536,2018-09-07,21,3
3537,2018-09-08,21,3
3538,2018-09-09,21,3
3539,2018-09-10,23,3
3540,2018-09-11,23,3
3541,2018-09-12,23,3
3542,2018-09-13,23,3
3543,2018-09-14,23,3
3544,2018-09-15,23,3
3545,2018-09-16,24,3
3546,2018-09-17,24,3
3547,2018-09-18,23,3
3548,2018-09-19,23,2
3549,2018-09-20,24,2
3550,2018-09-21,25,3
3551,2018-09-22,25,2
3552,2018-09-23,26,2
3553,2018-09-24,24,2
3554,2018-09-25,24,2
3555,2018-09-26,24,2
3556,2018-09-27,24,2
3557,2018-09-28,26,2
3558,2018-09-29,24,2
3559,2018-09-30,26,2
3560,2018-10-01,29,2
3561,2018-10-02,28,2
3562,2018-10-03,26,2
3563,2018-10-04,27,2
3564,2018-10-05,28,2
3565,2018-10-06,32,2
3566,2018-10-07,29,2
3567,2018-10-08,28,2
3568,2018-10-09,30,2
3569,2018-10-10,31,3
3570,2018-10-11,35,3
3571,2018-10-12,29,2
3572,2018-10-13,26,2
3573,2018-10-14,30,2
3574,2018-10-15,29,3
3575,2018-10-16,27,3
3576,2018-10-17,27,3
3577,2018-10-18,26,3
3578,2018-10-19,26,3
3579,2018-10-20,26,3
3580,2018-10-21,25,2
3581,2018-10-22,25,2
3582,2018-10-23,26,2
3583,2018-10-24,24,2
3584,2018-10-25,26,2
3585,2018-10-26,25,2
3586,2018-10-27,23,2
3587,2018-10-28,23,2
3588,2018-10-29,24,2
3589,2018-10-30,26,2
3590,2018-10-31,24,2
3591,2018-11-01,25,2
3592,2018-11-02,25,2
3593,2018-11-03,25,2
3594,2018-11-04,25,2
3595,2018-11-05,24,2
3596,2018-11-06,24,2
3597,2018-11-07,24,2
3598,2018-11-08,24,3
3599,2018-11-09,26,3
3600,2018-11-10,25,3
3601,2018-11-11,24,3
3602,2018-11-12,25,3
3603,2018-11-13,23,3
3604,2018-11-14,23,3
3605,2018-11-15,23,3
3606,2018-11-16,24,3
3607,2018-11-17,23,3
3608,2018-11-18,23,3
3609,2018-11-19,21,3
3610,2018-11-20,20,3
3611,2018-11-21,20,3
3612,2018-11-22,21,2
3613,2018-11-23,21,2
3614,2018-11-24,19,2
3615,2018-11-25,21,2
3616,2018-11-26,21,2
3617,2018-11-27,21,2
3618,2018-11-28,21,2
3619,2018-11-29,20,2
3620,2018-11-30,28,2
3621,2018-12-01,26,1
3622,2018-12-02,26,1
3623,2018-12-03,26,1
3624,2018-12-04,26,1
3625,2018-12-05,25,1
3626,2018-12-06,26,1
3627,2018-12-07,27,1
3628,2018-12-08,28,1
3629,2018-12-09,28,1
3630,2018-12-10,28,1
3631,2018-12-11,26,1
3632,2018-12-12,26,1
3633,2018-12-13,26,1
3634,2018-12-14,26,1
3635,2018-12-15,27,1
3636,2018-12-16,27,1
3637,2018-12-17,28,1
3638,2018-12-18,28,1
3639,2018-12-19,27,1
3640,2018-12-20,26,1
3641,2018-12-21,26,1
3642,2018-12-22,28,1
3643,2018-12-23,27,1
3644,2018-12-24,28,1
3645,2018-12-25,28,1
3646,2018-12-26,27,2
3647,2018-12-27,27,2
3648,2018-12-28,28,2
3649,2018-12-29,29,1
3650,2018-12-30,28,1
3651,2018-12-31,49,1
3652,2019-01-01,56,0
3653,2019-01-02,55,0
3654,2019-01-03,55,0
3655,2019-01-04,56,0
3656,2019-01-05,58,0
3657,2019-01-06,59,0
3658,2019-01-07,58,0
3659,2019-01-08,57,0
3660,2019-01-09,57,0
3661,2019-01-10,58,0
3662,2019-01-11,64,1
3663,2019-01-12,63,1
3664,2019-01-13,64,1
3665,2019-01-14,64,1
3666,2019-01-15,64,1
3667,2019-01-16,64,0
3668,2019-01-17,64,0
3669,2019-01-18,61,1
3670,2019-01-19,63,1
3671,2019-01-20,62,1
3672,2019-01-21,62,1
3673,2019-01-22,62,0
3674,2019-01-23,62,0
3675,2019-01-24,60,0
3676,2019-01-25,61,0
3677,2019-01-26,59,0
3678,2019-01-27,61,0
3679,2019-01-28,61,0
3680,2019-01-29,60,1
3681,2019-01-30,60,1
3682,2019-01-31,60,1
3683,2019-02-01,55,0
3684,2019-02-02,56,0
3685,2019-02-03,56,0
3686,2019-02-04,56,0
3687,2019-02-05,55,0
3688,2019-02-06,55,0
3689,2019-02-07,56,0
3690,2019-02-08,55,0
3691,2019-02-09,55,0
3692,2019-02-10,54,0
3693,2019-02-11,55,0
3694,2019-02-12,55,0
3695,2019-02-13,55,0
3696,2019-02-14,55,0
3697,2019-02-15,55,0
3698,2019-02-16,55,0
3699,2019-02-17,55,0
3700,2019-02-18,55,0
3701,2019-02-19,55,0
3702,2019-02-20,58,0
3703,2019-02-21,59,0
3704,2019-02-22,60,0
3705,2019-02-23,58,1
3706,2019-02-24,59,1
3707,2019-02-25,60,2
3708,2019-02-26,58,2
3709,2019-02-27,57,2
3710,2019-02-28,62,2
3711,2019-03-01,53,2
3712,2019-03-02,53,1
3713,2019-03-03,53,2
3714,2019-03-04,54,2
3715,2019-03-05,54,0
3716,2019-03-06,54,0
3717,2019-03-07,54,0
3718,2019-03-08,55,0
3719,2019-03-09,56,0
3720,2019-03-10,57,0
3721,2019-03-11,55,0
3722,2019-03-12,53,0
3723,2019-03-13,52,0
3724,2019-03-14,54,1
3725,2019-03-15,55,1
3726,2019-03-16,55,1
3727,2019-03-17,56,1
3728,2019-03-18,55,1
3729,2019-03-19,55,1
3730,2019-03-20,56,1
3731,2019-03-21,54,1
3732,2019-03-22,54,1
3733,2019-03-23,52,1
3734,2019-03-24,53,1
3735,2019-03-25,53,1
3736,2019-03-26,53,1
3737,2019-03-27,52,1
3738,2019-03-28,52,1
3739,2019-03-29,52,1
3740,2019-03-30,55,1
3741,2019-03-31,59,1
3742,2019-04-01,57,0
3743,2019-04-02,56,0
3744,2019-04-03,55,0
3745,2019-04-04,55,0
3746,2019-04-05,54,0
3747,2019-04-06,53,0
3748,2019-04-07,54,0
3749,2019-04-08,55,0
3750,2019-04-09,55,0
3751,2019-04-10,54,0
3752,2019-04-11,53,0
3753,2019-04-12,53,0
3754,2019-04-13,52,1
3755,2019-04-14,52,1
3756,2019-04-15,53,0
3757,2019-04-16,51,0
3758,2019-04-17,51,0
3759,2019-04-18,51,0
3760,2019-04-19,49,0
3761,2019-04-20,50,0
3762,2019-04-21,51,0
3763,2019-04-22,52,0
3764,2019-04-23,51,0
3765,2019-04-24,50,1
3766,2019-04-25,54,1
3767,2019-04-26,53,1
3768,2019-04-27,51,1
3769,2019-04-28,50,1
3770,2019-04-29,50,1
3771,2019-04-30,50,1
3772,2019-05-01,46,1
3773,2019-05-02,47,1
3774,2019-05-03,45,1
3775,2019-05-04,45,1
3776,2019-05-05,44,1
3777,2019-05-06,44,0
3778,2019-05-07,44,0
3779,2019-05-08,45,0
3780,2019-05-09,44,0
3781,2019-05-10,46,0
3782,2019-05-11,46,0
3783,2019-05-12,48,0
3784,2019-05-13,48,0
3785,2019-05-14,47,0
3786,2019-05-15,47,0
3787,2019-05-16,46,0
3788,2019-05-17,46,0
3789,2019-05-18,46,0
3790,2019-05-19,45,0
3791,2019-05-20,45,0
3792,2019-05-21,44,0
3793,2019-05-22,46,0
3794,2019-05-23,46,1
3795,2019-05-24,46,1
3796,2019-05-25,46,1
3797,2019-05-26,49,1
3798,2019-05-27,48,1
3799,2019-05-28,45,1
3800,2019-05-29,45,1
3801,2019-05-30,46,1
3802,2019-05-31,48,1
3803,2019-06-01,48,0
3804,2019-06-02,50,0
3805,2019-06-03,52,0
3806,2019-06-04,53,0
3807,2019-06-05,53,0
3808,2019-06-06,53,1
3809,2019-06-07,50,1
3810,2019-06-08,47,1
3811,2019-06-09,46,1
3812,2019-06-10,45,0
3813,2019-06-11,48,0
3814,2019-06-12,47,0
3815,2019-06-13,49,0
3816,2019-06-14,48,0
3817,2019-06-15,46,0
3818,2019-06-16,46,0
3819,2019-06-17,47,0
3820,2019-06-18,47,0
3821,2019-06-19,46,0
3822,2019-06-20,44,0
3823,2019-06-21,44,0
3824,2019-06-22,45,0
3825,2019-06-23,44,0
3826,2019-06-24,44,0
3827,2019-06-25,43,0
3828,2019-06-26,45,0
3829,2019-06-27,47,0
3830,2019-06-28,49,0
3831,2019-06-29,49,0
3832,2019-06-30,52,0
3833,2019-07-01,46,0
3834,2019-07-02,46,0
3835,2019-07-03,47,0
3836,2019-07-04,45,0
3837,2019-07-05,43,1
3838,2019-07-06,42,0
3839,2019-07-07,42,0
3840,2019-07-08,44,0
3841,2019-07-09,41,0
3842,2019-07-10,42,0
3843,2019-07-11,41,0
3844,2019-07-12,41,0
3845,2019-07-13,42,1
3846,2019-07-14,44,1
3847,2019-07-15,44,1
3848,2019-07-16,43,0
3849,2019-07-17,44,0
3850,2019-07-18,45,0
3851,2019-07-19,46,0
3852,2019-07-20,46,0
3853,2019-07-21,48,0
3854,2019-07-22,50,0
3855,2019-07-23,51,0
3856,2019-07-24,52,0
3857,2019-07-25,51,0
3858,2019-07-26,50,0
3859,2019-07-27,50,0
3860,2019-07-28,47,0
3861,2019-07-29,47,0
3862,2019-07-30,47,0
3863,2019-07-31,51,0
3864,2019-08-01,45,0
3865,2019-08-02,46,0
3866,2019-08-03,44,0
3867,2019-08-04,44,0
3868,2019-08-05,45,0
3869,2019-08-06,43,0
3870,2019-08-07,42,0
3871,2019-08-08,44,0
3872,2019-08-09,45,0
3873,2019-08-10,43,0
3874,2019-08-11,41,0
3875,2019-08-12,42,0
3876,2019-08-13,40,0
3877,2019-08-14,40,0
3878,2019-08-15,40,0
3879,2019-08-16,40,0
3880,2019-08-17,41,0
3881,2019-08-18,40,0
3882,2019-08-19,41,0
3883,2019-08-20,42,0
3884,2019-08-21,40,0
3885,2019-08-22,41,0
3886,2019-08-23,40,0
3887,2019-08-24,40,0
3888,2019-08-25,40,0
3889,2019-08-26,40,0
3890,2019-08-27,42,0
3891,2019-08-28,43,1
3892,2019-08-29,43,1
3893,2019-08-30,40,1
3894,2019-08-31,43,1
3895,2019-09-01,38,1
3896,2019-09-02,38,1
3897,2019-09-03,38,1
3898,2019-09-04,36,1
3899,2019-09-05,38,1
3900,2019-09-06,40,1
3901,2019-09-07,38,0
3902,2019-09-08,38,0
3903,2019-09-09,35,0
3904,2019-09-10,35,0
3905,2019-09-11,39,0
3906,2019-09-12,37,0
3907,2019-09-13,36,0
3908,2019-09-14,36,0
3909,2019-09-15,36,0
3910,2019-09-16,35,0
3911,2019-09-17,34,1
3912,2019-09-18,35,1
3913,2019-09-19,34,1
3914,2019-09-20,35,1
3915,2019-09-21,34,1
3916,2019-09-22,32,0
3917,2019-09-23,33,0
3918,2019-09-24,36,0
3919,2019-09-25,33,0
3920,2019-09-26,35,0
3921,2019-09-27,34,0
3922,2019-09-28,31,0
3923,2019-09-29,31,0
3924,2019-09-30,37,0
3925,2019-10-01,32,0
3926,2019-10-02,35,0
3927,2019-10-03,33,0
3928,2019-10-04,32,0
3929,2019-10-05,33,0
3930,2019-10-06,34,0
3931,2019-10-07,34,0
3932,2019-10-08,35,0
3933,2019-10-09,34,0
3934,2019-10-10,34,1
3935,2019-10-11,35,1
3936,2019-10-12,38,1
3937,2019-10-13,38,1
3938,2019-10-14,36,1
3939,2019-10-15,40,1
3940,2019-10-16,40,1
3941,2019-10-17,38,1
3942,2019-10-18,36,0
3943,2019-10-19,36,0
3944,2019-10-20,35,1
3945,2019-10-21,36,1
3946,2019-10-22,38,0
3947,2019-10-23,37,0
3948,2019-10-24,37,0
3949,2019-10-25,35,0
3950,2019-10-26,36,1
3951,2019-10-27,36,1
3952,2019-10-28,38,1
3953,2019-10-29,35,1
3954,2019-10-30,34,1
3955,2019-10-31,40,2
3956,2019-11-01,38,1
3957,2019-11-02,38,1
3958,2019-11-03,40,0
3959,2019-11-04,36,0
3960,2019-11-05,36,0
3961,2019-11-06,36,0
3962,2019-11-07,36,0
3963,2019-11-08,37,0
3964,2019-11-09,37,0
3965,2019-11-10,38,0
3966,2019-11-11,37,0
3967,2019-11-12,38,0
3968,2019-11-13,37,0
3969,2019-11-14,35,0
3970,2019-11-15,35,0
3971,2019-11-16,36,0
3972,2019-11-17,37,0
3973,2019-11-18,34,0
3974,2019-11-19,34,0
3975,2019-11-20,35,0
3976,2019-11-21,36,0
3977,2019-11-22,36,0
3978,2019-11-23,39,0
3979,2019-11-24,38,0
3980,2019-11-25,37,0
3981,2019-11-26,36,0
3982,2019-11-27,35,1
3983,2019-11-28,34,1
3984,2019-11-29,36,1
3985,2019-11-30,44,1
3986,2019-12-01,33,1
3987,2019-12-02,36,1
3988,2019-12-03,35,1
3989,2019-12-04,34,0
3990,2019-12-05,34,0
3991,2019-12-06,33,0
3992,2019-12-07,33,0
3993,2019-12-08,31,0
3994,2019-12-09,32,0
3995,2019-12-10,31,0
3996,2019-12-11,29,0
3997,2019-12-12,28,0
3998,2019-12-13,30,0
3999,2019-12-14,28,0
4000,2019-12-15,28,0
4001,2019-12-16,27,1
4002,2019-12-17,27,1
4003,2019-12-18,28,1
4004,2019-12-19,31,0
4005,2019-12-20,30,0
4006,2019-12-21,31,0
4007,2019-12-22,30,0
4008,2019-12-23,27,0
4009,2019-12-24,28,0
4010,2019-12-25,29,0
4011,2019-12-26,30,0
4012,2019-12-27,28,0
4013,2019-12-28,28,0
4014,2019-12-29,26,0
4015,2019-12-30,26,0
4016,2019-12-31,33,1
4017,2020-01-01,31,1
4018,2020-01-02,31,1
4019,2020-01-03,31,1
4020,2020-01-04,31,1
4021,2020-01-05,31,1
4022,2020-01-06,31,1
4023,2020-01-07,33,1
4024,2020-01-08,32,1
4025,2020-01-09,33,1
4026,2020-01-10,31,2
4027,2020-01-11,31,2
4028,2020-01-12,33,2
4029,2020-01-13,33,1
4030,2020-01-14,33,1
4031,2020-01-15,33,1
4032,2020-01-16,31,1
4033,2020-01-17,32,1
4034,2020-01-18,34,1
4035,2020-01-19,35,1
4036,2020-01-20,35,1
4037,2020-01-21,36,1
4038,2020-01-22,34,1
4039,2020-01-23,30,1
4040,2020-01-24,30,1
4041,2020-01-25,27,1
4042,2020-01-26,27,1
4043,2020-01-27,28,1
4044,2020-01-28,29,1
4045,2020-01-29,28,1
4046,2020-01-30,27,1
4047,2020-01-31,32,1
4048,2020-02-01,23,1
4049,2020-02-02,24,1
4050,2020-02-03,23,1
4051,2020-02-04,25,1
4052,2020-02-05,25,1
4053,2020-02-06,22,1
4054,2020-02-07,24,1
4055,2020-02-08,29,1
4056,2020-02-09,29,1
4057,2020-02-10,23,2
4058,2020-02-11,25,2
4059,2020-02-12,22,2
4060,2020-02-13,25,2
4061,2020-02-14,23,2
4062,2020-02-15,23,2
4063,2020-02-16,23,2
4064,2020-02-17,24,2
4065,2020-02-18,22,1
4066,2020-02-19,22,1
4067,2020-02-20,21,1
4068,2020-02-21,21,1
4069,2020-02-22,22,1
4070,2020-02-23,25,1
4071,2020-02-24,24,1
4072,2020-02-25,23,1
4073,2020-02-26,24,1
4074,2020-02-27,23,1
4075,2020-02-28,24,1
4076,2020-02-29,23,1
4077,2020-03-01,19,1
4078,2020-03-02,22,2
4079,2020-03-03,20,2
4080,2020-03-04,20,2
4081,2020-03-05,20,2
4082,2020-03-06,21,1
4083,2020-03-07,19,1
4084,2020-03-08,19,1
4085,2020-03-09,19,1
4086,2020-03-10,20,1
4087,2020-03-11,19,1
4088,2020-03-12,19,1
4089,2020-03-13,20,1
4090,2020-03-14,20,1
4091,2020-03-15,20,1
4092,2020-03-16,21,1
4093,2020-03-17,22,1
4094,2020-03-18,20,1
4095,2020-03-19,19,1
4096,2020-03-20,21,1
4097,2020-03-21,22,1
4098,2020-03-22,21,1
4099,2020-03-23,19,1
4100,2020-03-24,19,1
4101,2020-03-25,19,1
4102,2020-03-26,19,1
4103,2020-03-27,16,2
4104,2020-03-28,18,2
4105,2020-03-29,19,1
4106,2020-03-30,21,1
4107,2020-03-31,23,1
4108,2020-04-01,21,1
4109,2020-04-02,20,1
4110,2020-04-03,18,1
4111,2020-04-04,19,1
4112,2020-04-05,19,1
4113,2020-04-06,20,2
4114,2020-04-07,18,2
4115,2020-04-08,18,2
4116,2020-04-09,19,2
4117,2020-04-10,19,2
4118,2020-04-11,18,2
4119,2020-04-12,18,2
4120,2020-04-13,20,2
4121,2020-04-14,20,2
4122,2020-04-15,21,1
4123,2020-04-16,22,1
4124,2020-04-17,22,1
4125,2020-04-18,24,1
4126,2020-04-19,25,1
4127,2020-04-20,29,1
4128,2020-04-21,29,2
4129,2020-04-22,29,2
4130,2020-04-23,29,2
4131,2020-04-24,29,2
4132,2020-04-25,29,1
4133,2020-04-26,28,2
4134,2020-04-27,25,2
4135,2020-04-28,24,2
4136,2020-04-29,23,2
4137,2020-04-30,23,2
4138,2020-05-01,24,1
4139,2020-05-02,26,2
4140,2020-05-03,25,2
4141,2020-05-04,25,1
4142,2020-05-05,25,1
4143,2020-05-06,20,1
4144,2020-05-07,20,1
4145,2020-05-08,22,1
4146,2020-05-09,21,1
4147,2020-05-10,20,1
4148,2020-05-11,20,1
4149,2020-05-12,17,1
4150,2020-05-13,17,1
4151,2020-05-14,17,1
4152,2020-05-15,18,1
4153,2020-05-16,18,1
4154,2020-05-17,18,2
4155,2020-05-18,18,2
4156,2020-05-19,16,2
4157,2020-05-20,18,3
4158,2020-05-21,17,2
4159,2020-05-22,18,2
4160,2020-05-23,18,2
4161,2020-05-24,19,1
4162,2020-05-25,20,1
4163,2020-05-26,19,1
4164,2020-05-27,19,2
4165,2020-05-28,20,1
4166,2020-05-29,19,1
4167,2020-05-30,21,1
4168,2020-05-31,28,1
4169,2020-06-01,25,1
4170,2020-06-02,24,1
4171,2020-06-03,27,1
4172,2020-06-04,26,1
4173,2020-06-05,24,1
4174,2020-06-06,23,1
4175,2020-06-07,23,2
4176,2020-06-08,24,1
4177,2020-06-09,24,1
4178,2020-06-10,25,1
4179,2020-06-11,26,1
4180,2020-06-12,23,1
4181,2020-06-13,22,2
4182,2020-06-14,24,2
4183,2020-06-15,26,1
4184,2020-06-16,25,1
4185,2020-06-17,26,1
4186,2020-06-18,25,1
4187,2020-06-19,24,1
4188,2020-06-20,24,1
4189,2020-06-21,26,1
4190,2020-06-22,32,1
4191,2020-06-23,33,1
4192,2020-06-24,31,1
4193,2020-06-25,30,1
4194,2020-06-26,27,1
4195,2020-06-27,26,1
4196,2020-06-28,26,1
4197,2020-06-29,28,1
4198,2020-06-30,30,1
4199,2020-07-01,33,1
4200,2020-07-02,31,1
4201,2020-07-03,31,1
4202,2020-07-04,31,1
4203,2020-07-05,30,1
4204,2020-07-06,29,1
4205,2020-07-07,28,1
4206,2020-07-08,29,1
4207,2020-07-09,29,1
4208,2020-07-10,29,1
4209,2020-07-11,28,1
4210,2020-07-12,28,1
4211,2020-07-13,30,1
4212,2020-07-14,29,1
4213,2020-07-15,29,1
4214,2020-07-16,28,1
4215,2020-07-17,28,1
4216,2020-07-18,29,1
4217,2020-07-19,30,1
4218,2020-07-20,30,1
4219,2020-07-21,29,1
4220,2020-07-22,29,1
4221,2020-07-23,29,1
4222,2020-07-24,29,1
4223,2020-07-25,30,2
4224,2020-07-26,29,1
4225,2020-07-27,28,1
4226,2020-07-28,28,1
4227,2020-07-29,30,1
4228,2020-07-30,31,1
4229,2020-07-31,33,2
4230,2020-08-01,36,2
4231,2020-08-02,35,2
4232,2020-08-03,34,1
4233,2020-08-04,32,1
4234,2020-08-05,33,1
4235,2020-08-06,31,1
4236,2020-08-07,33,1
4237,2020-08-08,33,2
4238,2020-08-09,33,2
4239,2020-08-10,31,2
4240,2020-08-11,29,2
4241,2020-08-12,29,2
4242,2020-08-13,27,1
4243,2020-08-14,27,1
4244,2020-08-15,27,1
4245,2020-08-16,26,2
4246,2020-08-17,23,2
4247,2020-08-18,24,2
4248,2020-08-19,24,2
4249,2020-08-20,23,2
4250,2020-08-21,23,2
4251,2020-08-22,25,2
4252,2020-08-23,26,2
4253,2020-08-24,23,2
4254,2020-08-25,26,2
4255,2020-08-26,28,2
4256,2020-08-27,28,3
4257,2020-08-28,27,3
4258,2020-08-29,28,2
4259,2020-08-30,28,2
4260,2020-08-31,28,2
4261,2020-09-01,29,2
4262,2020-09-02,30,2
4263,2020-09-03,30,2
4264,2020-09-04,30,2
4265,2020-09-05,31,2
4266,2020-09-06,33,2
4267,2020-09-07,32,2
4268,2020-09-08,30,2
4269,2020-09-09,28,2
4270,2020-09-10,27,2
4271,2020-09-11,26,3
4272,2020-09-12,26,3
4273,2020-09-13,24,3
4274,2020-09-14,23,3
4275,2020-09-15,23,3
4276,2020-09-16,22,3
4277,2020-09-17,22,3
4278,2020-09-18,25,3
4279,2020-09-19,26,2
4280,2020-09-20,26,2
4281,2020-09-21,25,2
4282,2020-09-22,22,2
4283,2020-09-23,21,2
4284,2020-09-24,21,2
4285,2020-09-25,21,2
4286,2020-09-26,21,2
4287,2020-09-27,21,2
4288,2020-09-28,22,2
4289,2020-09-29,21,2
4290,2020-09-30,24,2
4291,2020-10-01,27,2
4292,2020-10-02,31,1
4293,2020-10-03,30,1
4294,2020-10-04,29,1
4295,2020-10-05,27,1
4296,2020-10-06,28,1
4297,2020-10-07,28,2
4298,2020-10-08,29,2
4299,2020-10-09,31,2
4300,2020-10-10,29,2
4301,2020-10-11,28,2
4302,2020-10-12,27,1
4303,2020-10-13,31,1
4304,2020-10-14,31,1
4305,2020-10-15,28,1
4306,2020-10-16,26,1
4307,2020-10-17,25,1
4308,2020-10-18,26,1
4309,2020-10-19,25,1
4310,2020-10-20,25,1
4311,2020-10-21,25,1
4312,2020-10-22,25,1
4313,2020-10-23,25,1
4314,2020-10-24,25,2
4315,2020-10-25,24,2
4316,2020-10-26,24,2
4317,2020-10-27,23,2
4318,2020-10-28,24,2
4319,2020-10-29,25,2
4320,2020-10-30,25,2
4321,2020-10-31,26,1
4322,2020-11-01,19,1
4323,2020-11-02,22,1
4324,2020-11-03,25,1
4325,2020-11-04,25,1
4326,2020-11-05,16,1
4327,2020-11-06,16,1
4328,2020-11-07,16,1
4329,2020-11-08,17,2
4330,2020-11-09,19,2
4331,2020-11-10,20,3
4332,2020-11-11,20,2
4333,2020-11-12,19,2
4334,2020-11-13,16,1
4335,2020-11-14,17,1
4336,2020-11-15,18,1
4337,2020-11-16,17,1
4338,2020-11-17,23,1
4339,2020-11-18,20,1
4340,2020-11-19,16,1
4341,2020-11-20,17,1
4342,2020-11-21,18,1
4343,2020-11-22,18,1
4344,2020-11-23,18,1
4345,2020-11-24,17,1
4346,2020-11-25,18,1
4347,2020-11-26,18,1
4348,2020-11-27,18,1
4349,2020-11-28,18,1
4350,2020-11-29,19,1
4351,2020-11-30,20,1
4352,2020-12-01,14,0
4353,2020-12-02,15,0
4354,2020-12-03,15,0
4355,2020-12-04,15,0
4356,2020-12-05,14,0
4357,2020-12-06,14,0
4358,2020-12-07,14,0
4359,2020-12-08,13,0
4360,2020-12-09,11,0
4361,2020-12-10,11,0
4362,2020-12-11,10,0
4363,2020-12-12,11,0
4364,2020-12-13,11,0
4365,2020-12-14,11,0
4366,2020-12-15,10,0
4367,2020-12-16,11,0
4368,2020-12-17,13,0
4369,2020-12-18,14,0
4370,2020-12-19,12,0
4371,2020-12-20,13,0
4372,2020-12-21,15,0
4373,2020-12-22,9,0
4374,2020-12-23,9,0
4375,2020-12-24,8,0
4376,2020-12-25,9,0
4377,2020-12-26,8,0
4378,2020-12-27,7,0
4379,2020-12-28,7,0
4380,2020-12-29,9,0
4381,2020-12-30,9,0
4382,2020-12-31,7,0
4383,2021-01-01,6,0
4384,2021-01-02,6,0
4385,2021-01-03,6,0
4386,2021-01-04,6,0
4387,2021-01-05,6,0
4388,2021-01-06,6,0
4389,2021-01-07,6,0
4390,2021-01-08,5,0
4391,2021-01-09,5,0
4392,2021-01-10,5,0
4393,2021-01-11,5,0
4394,2021-01-12,5,0
4395,2021-01-13,5,0
4396,2021-01-14,5,0
4397,2021-01-15,5,0
4398,2021-01-16,5,0
4399,2021-01-17,5,0
4400,2021-01-18,5,0
4401,2021-01-19,5,0
4402,2021-01-20,5,0
4403,2021-01-21,5,0
4404,2021-01-22,5,0
4405,2021-01-23,5,0
4406,2021-01-24,5,0
4407,2021-01-25,5,0
4408,2021-01-26,5,0
4409,2021-01-27,5,0
4410,2021-01-28,5,0
4411,2021-01-29,5,0
4412,2021-01-30,5,0
4413,2021-01-31,5,0
4414,2021-02-01,5,0
4415,2021-02-02,5,0
4416,2021-02-03,5,0
4417,2021-02-04,5,0
4418,2021-02-05,5,0
4419,2021-02-06,5,0
4420,2021-02-07,5,0
4421,2021-02-08,5,0
4422,2021-02-09,5,0
4423,2021-02-10,5,0
4424,2021-02-11,5,0
4425,2021-02-12,5,0
4426,2021-02-13,5,0
4427,2021-02-14,5,0
4428,2021-02-15,5,0
4429,2021-02-16,5,0
4430,2021-02-17,5,0
4431,2021-02-18,5,0
4432,2021-02-19,5,0
4433,2021-02-20,5,0
4434,2021-02-21,5,0
4435,2021-02-22,5,0
4436,2021-02-23,5,0
4437,2021-02-24,5,0
4438,2021-02-25,5,0
4439,2021-02-26,5,0
4440,2021-02-27,5,0
4441,2021-02-28,5,0
4442,2021-03-01,5,0
4443,2021-03-02,5,0
4444,2021-03-03,5,0
4445,2021-03-04,5,0
4446,2021-03-05,5,0
4447,2021-03-06,5,0
4448,2021-03-07,5,0
4449,2021-03-08,5,0
4450,2021-03-09,5,0
4451,2021-03-10,5,0
4452,2021-03-11,5,0
4453,2021-03-12,5,0
4454,2021-03-13,5,0
4455,2021-03-14,5,0
4456,2021-03-15,5,0
4457,2021-03-16,5,0
4458,2021-03-17,5,0
4459,2021-03-18,5,0
4460,2021-03-19,5,0
4461,2021-03-20,5,0
4462,2021-03-21,5,0
4463,2021-03-22,5,0
4464,2021-03-23,5,0
4465,2021-03-24,5,0
4466,2021-03-25,5,0
4467,2021-03-26,5,0
4468,2021-03-27,5,0
4469,2021-03-28,5,0
4470,2021-03-29,5,0
4471,2021-03-30,5,0
4472,2021-03-31,5,0
4473,2021-04-01,5,0
4474,2021-04-02,5,0
4475,2021-04-03,5,0
4476,2021-04-04,5,0
4477,2021-04-05,5,0
4478,2021-04-06,5,0
4479,2021-04-07,5,0
4480,2021-04-08,5,0
4481,2021-04-09,5,0
4482,2021-04-10,5,0
4483,2021-04-11,5,0
4484,2021-04-12,5,0
4485,2021-04-13,5,0
4486,2021-04-14,5,0
4487,2021-04-15,5,0
4488,2021-04-16,5,0
4489,2021-04-17,5,0
4490,2021-04-18,5,0
4491,2021-04-19,5,0
4492,2021-04-20,5,0
4493,2021-04-21,5,0
4494,2021-04-22,5,0
4495,2021-04-23,5,0
4496,2021-04-24,5,0
4497,2021-04-25,5,0
4498,2021-04-26,5,0
4499,2021-04-27,5,0
4500,2021-04-28,5,0
4501,2021-04-29,5,0
4502,2021-04-30,5,0
4503,2021-05-01,5,0
4504,2021-05-02,5,0
4505,2021-05-03,5,0
4506,2021-05-04,5,0
4507,2021-05-05,5,0
4508,2021-05-06,5,0
4509,2021-05-07,5,0
4510,2021-05-08,5,0
4511,2021-05-09,5,0
4512,2021-05-10,5,0
4513,2021-05-11,5,0
4514,2021-05-12,5,0
4515,2021-05-13,5,0
4516,2021-05-14,5,0
4517,2021-05-15,5,0
4518,2021-05-16,5,0
4519,2021-05-17,5,0
4520,2021-05-18,5,0
4521,2021-05-19,5,0
4522,2021-05-20,5,0
4523,2021-05-21,5,0
4524,2021-05-22,7,0
